Company_Phone_Number,Created_Date,Violation_Date,Consumer_City,Consumer_State,Consumer_Area_Code,Subject,Recorded_Message_Or_Robocall
3605395186,2026-09-07 00:00:34,2026-09-03 09:59:00,Port Angeles,Washington,360,Other,Y
3602762398,2026-09-07 00:02:22,2026-09-04 15:07:00,Port Angeles,Washington,360,Other,Y
2488838188,2026-09-07 00:02:28,2026-09-04 17:48:00,,Michigan,248,Other,N
3602766342,2026-09-07 00:03:45,2026-09-05 10:10:00,Port Angeles,Washington,360,Other,Y
2488838188,2026-09-07 00:04:18,2026-09-05 16:13:00,,Michigan,248,Other,
9093040360,2026-09-07 00:04:47,2026-08-27 16:01:00,,California,909,Other,N
2488961662,2026-09-07 00:05:44,2026-09-05 19:18:00,,Michigan,248,Other,
,2026-09-07 00:06:00,2026-08-27 11:12:00,,California,909,Other,
2488961974,2026-09-07 00:08:15,2026-09-06 15:51:00,,Michigan,248,Other,
2588864717,2026-09-07 00:09:31,2026-09-06 19:59:00,,Michigan,248,Other,
4197484841,2026-09-07 00:19:14,2026-09-05 12:42:00,,Ohio,419,Other,
4196618618,2026-09-07 00:20:43,2026-09-04 15:47:00,,Ohio,419,Other,
4192754009,2026-09-07 00:21:45,2026-09-04 15:10:00,,Ohio,419,Other,
,2026-09-07 00:26:59,2026-09-06 21:20:00,Eugene,Oregon,541,Other,Y
8509601603,2026-09-07 00:34:43,2026-09-06 23:24:00,Pace,Florida,850,Other,N
2035825902,2026-09-07 00:56:09,2026-09-06 20:41:00,Enumclaw,Washington,360,Other,
2792381063,2026-09-07 00:58:22,2026-09-04 14:21:00,Clovis,California,559,Other,N
2792381065,2026-09-07 01:04:29,2026-09-04 12:40:00,Clovis,California,559,Other,N
2792381094,2026-09-07 01:05:57,2026-08-12 08:58:00,Clovis,California,559,Other,N
2792381096,2026-09-07 01:07:46,2026-08-05 07:35:00,Clovis,California,559,Other,N
9713151730,2026-09-07 01:15:50,2026-09-06 15:31:00,Molalla,Oregon,971,Other,N
9043195809,2026-09-07 01:36:19,2026-09-07 01:25:00,Jacksonville,Florida,386,Other,N
2089048192,2026-09-07 01:48:37,2026-09-04 00:57:00,Firth,Idaho,208,Other,Y
8057167815,2026-09-07 02:02:52,2026-09-04 11:24:00,,California,818,Dropped call or no message,N
8057167452,2026-09-07 02:03:53,2026-09-04 11:21:00,,California,818,Dropped call or no message,N
6263827022,2026-09-07 02:04:45,2026-09-04 10:50:00,,California,818,Dropped call or no message,N
3179548169,2026-09-07 02:12:39,2026-09-07 01:38:00,,Tennessee,865,Other,N
,2026-09-07 02:13:34,2025-03-31 12:00:00,Fairfax,Virginia,310,"Calls pretending to be government, businesses, or family and friends",N
3179548169,2026-09-07 02:17:49,2026-09-07 01:38:00,,Georgia,865,Other,N
9802220399,2026-09-07 02:19:54,2026-09-06 12:00:00,,California,408,"Calls pretending to be government, businesses, or family and friends",N
5622491498,2026-09-07 02:29:07,2026-09-03 08:04:00,,Washington,206,Other,Y
5622626518,2026-09-07 02:30:49,2026-09-05 14:04:00,,Washington,206,Other,Y
2706098994,2026-09-07 02:40:47,2026-09-04 00:00:00,Burbank,California,747,"Reducing your debt (credit cards, mortgage, student loans)",Y
8553572026,2026-09-07 03:07:59,2026-09-01 19:27:00,Absecon,New Jersey,609,"Reducing your debt (credit cards, mortgage, student loans)",Y
,2026-09-07 03:18:30,2026-09-07 02:56:00,,New Jersey,862,Other,
8505244578,2026-09-07 03:18:47,2026-09-06 13:04:00,Tallahassee,Florida,850,Medical  & prescriptions,Y
3462127720,2026-09-07 03:20:31,2026-09-05 15:22:00,Meadows Place,Texas,713,Medical  & prescriptions,Y
6025800213,2026-09-07 03:48:29,2026-09-03 09:30:00,,California,415,"Reducing your debt (credit cards, mortgage, student loans)",Y
8506151803,2026-09-07 03:58:34,2026-09-02 13:14:00,Herington,Kansas,785,Other,Y
7853849746,2026-09-07 03:59:35,2026-08-31 17:27:00,Herington,Kansas,785,Other,Y
7856481532,2026-09-07 04:00:36,2026-08-31 13:16:00,Herington,Kansas,785,Other,Y
8338747840,2026-09-07 04:48:28,2026-09-05 05:04:00,Wichita Falls,Texas,833,"Reducing your debt (credit cards, mortgage, student loans)",Y
5166443229,2026-09-07 04:52:07,2026-07-01 12:00:00,Tucson,Arizona,520,"Lotteries, prizes  & sweepstakes",N
3322797394,2026-09-07 04:55:49,2026-09-06 12:00:00,Modesto,California,209,"Lotteries, prizes  & sweepstakes",Y
5022738161,2026-09-07 05:09:36,2026-09-05 07:38:00,Tucson,Arizona,520,Other,Y
8434845563,2026-09-07 05:10:12,2026-09-06 20:02:00,Little River,South Carolina,843,Dropped call or no message,N
189954377465,2026-09-07 05:24:40,2026-09-03 10:09:00,Opa-locka,Florida,772,"Reducing your debt (credit cards, mortgage, student loans)",N
,2026-09-07 05:28:57,2026-09-07 14:52:00,,Texas,903,"Reducing your debt (credit cards, mortgage, student loans)",N
7187058713,2026-09-07 05:29:25,2026-09-04 14:37:00,,New York,347,Other,N
,2026-09-07 05:49:45,2026-09-06 12:00:00,,New Jersey,908,"Reducing your debt (credit cards, mortgage, student loans)",Y
8056079404,2026-09-07 05:53:45,2026-09-06 23:37:00,Thornton,Colorado,714,"Calls pretending to be government, businesses, or family and friends",N
,2026-09-07 06:41:00,2026-09-07 04:13:00,,Florida,850,Home security  & alarms,N
8773704874,2026-09-07 07:06:08,2026-09-03 12:00:00,Woodland,Alabama,256,Medical  & prescriptions,Y
2505230937,2026-09-07 07:12:09,2026-09-03 17:14:00,"Santa Maria, CA",California,805,"Calls pretending to be government, businesses, or family and friends",Y
9863456805,2026-09-07 07:16:02,2026-09-03 11:33:00,"Santa Maria, CA",California,805,"Calls pretending to be government, businesses, or family and friends",Y
5674999247,2026-09-07 07:18:18,2026-09-02 12:43:00,"Santa Maria, CA",California,805,"Calls pretending to be government, businesses, or family and friends",Y
5196991809,2026-09-07 07:35:33,2026-09-04 15:41:00,,Texas,510,Other,Y
2678321538,2026-09-07 07:38:48,2026-09-04 09:23:00,,Texas,510,Other,Y
7752186874,2026-09-07 07:41:53,2026-09-03 17:58:00,,Texas,510,Other,Y
7783148767,2026-09-07 07:48:53,2026-08-31 11:30:00,,Pennsylvania,570,"Reducing your debt (credit cards, mortgage, student loans)",Y
3067375348,2026-09-07 07:50:03,2026-09-06 14:23:00,,Pennsylvania,570,"Reducing your debt (credit cards, mortgage, student loans)",Y
8553572026,2026-09-07 07:50:50,2026-09-06 14:23:00,,Pennsylvania,570,"Reducing your debt (credit cards, mortgage, student loans)",Y
9452585435,2026-09-07 07:54:07,2026-09-07 06:52:00,,Texas,903,Work from home  & other ways to make money,Y
8555645904,2026-09-07 07:55:35,2026-09-06 00:32:00,Lindenwold,New Jersey,856,"Reducing your debt (credit cards, mortgage, student loans)",Y
8016596005,2026-09-07 07:58:55,2026-08-25 15:17:00,Riverton,Wyoming,307,Dropped call or no message,N
4343526579,2026-09-07 08:10:01,2026-08-21 17:46:00,FOREST,Virginia,434,Other,N
2676807459,2026-09-07 08:16:16,2026-09-04 22:03:00,Springfield,Illinois,217,Dropped call or no message,Y
,2026-09-07 08:20:16,2026-09-06 22:21:00,,New York,607,No Subject Provided,
6783953001,2026-09-07 08:27:28,2026-09-07 08:25:00,,Georgia,770,Dropped call or no message,Y
7812084635,2026-09-07 08:38:19,2026-09-07 08:33:00,Philadelphia,Pennsylvania,508,Home improvement  & cleaning,N
4784440926,2026-09-07 08:41:19,2026-09-06 15:02:00,,New Jersey,478,"Reducing your debt (credit cards, mortgage, student loans)",Y
3145262043,2026-09-07 08:40:36,2026-09-04 12:00:00,Denver,Colorado,720,"Calls pretending to be government, businesses, or family and friends",Y
8888137092,2026-09-07 08:45:52,2026-09-07 12:22:00,,North Carolina,919,"Calls pretending to be government, businesses, or family and friends",Y
8883927997,2026-09-07 08:47:07,2026-09-01 15:15:00,Somerdale,New Jersey,609,"Reducing your debt (credit cards, mortgage, student loans)",Y
8447573217,2026-09-07 08:48:05,2026-09-04 07:57:00,South Amboy,New Jersey,732,"Reducing your debt (credit cards, mortgage, student loans)",Y
8447573084,2026-09-07 08:53:05,2026-08-29 16:04:00,Ogden,Utah,801,"Reducing your debt (credit cards, mortgage, student loans)",Y
5106717390,2026-09-07 08:54:04,2026-09-07 05:31:00,,California,510,Other,N
6187725337,2026-09-07 08:54:18,2026-09-04 09:59:00,Centralia,Illinois,618,Other,Y
7253031152,2026-09-07 08:56:23,2026-09-06 12:25:00,Las Vegas,Nevada,702,Other,Y
8336723611,2026-09-07 08:58:26,2026-09-02 16:01:00,Ogden,Utah,801,"Reducing your debt (credit cards, mortgage, student loans)",Y
7254449108,2026-09-07 08:59:16,2026-09-06 11:34:00,Las Vegas,Nevada,702,Other,Y
9074163335,2026-09-07 08:59:58,2026-09-07 04:57:00,Kodiak,Alaska,907,Medical  & prescriptions,N
3236076374,2026-09-07 09:00:45,2026-09-05 17:52:00,District Heights,Maryland,301,Other,Y
7254257840,2026-09-07 09:01:59,2026-09-06 00:00:00,Las Vegas,Nevada,702,No Subject Provided,
8555645300,2026-09-07 09:02:08,2026-09-04 16:21:00,Ogden,Utah,801,"Reducing your debt (credit cards, mortgage, student loans)",Y
7742899281,2026-09-07 09:06:08,2026-09-06 17:25:00,Weston,Massachusetts,617,Charities,N
7712032841,2026-09-07 09:07:46,2026-09-05 19:04:00,Quincy,Massachusetts,617,Dropped call or no message,N
8883119006,2026-09-07 09:12:01,2026-09-06 16:55:00,Medina,Ohio,216,Other,Y
8336253241,2026-09-07 09:12:07,2026-09-07 09:07:00,Hollywood,Florida,786,"Reducing your debt (credit cards, mortgage, student loans)",Y
6782269637,2026-09-07 09:12:17,2026-09-07 09:08:00,Monroe,Georgia,678,Other,N
8336726328,2026-09-07 09:12:39,2026-09-07 09:10:00,,New Jersey,856,No Subject Provided,Y
8778838565,2026-09-07 09:13:34,2026-09-07 06:10:00,Temecula,California,951,"Reducing your debt (credit cards, mortgage, student loans)",Y
5876061369,2026-09-07 09:13:50,2026-09-06 14:12:00,Hollywood,Florida,786,"Reducing your debt (credit cards, mortgage, student loans)",Y
4752128985,2026-09-07 09:14:22,2026-09-07 14:09:00,,Connecticut,203,Other,Y
8774671171,2026-09-07 09:14:32,2026-09-06 14:11:00,Hollywood,Florida,786,Other,Y
6785736683,2026-09-07 09:15:31,2026-09-07 09:13:00,Monroe,Georgia,678,Other,N
2178349513,2026-09-07 09:16:32,2026-09-07 07:10:00,,Colorado,970,"Reducing your debt (credit cards, mortgage, student loans)",N
9702130031,2026-09-07 09:18:08,2026-09-03 13:00:00,,Colorado,970,"Calls pretending to be government, businesses, or family and friends",N
9107483143,2026-09-07 09:18:11,2026-09-07 06:13:00,,Illinois,815,Other,Y
8778856581,2026-09-07 09:18:56,2026-09-07 09:11:00,,New Jersey,609,"Reducing your debt (credit cards, mortgage, student loans)",Y
8778856581,2026-09-07 09:19:01,2026-09-07 13:10:00,,Florida,954,"Calls pretending to be government, businesses, or family and friends",Y
3218661469,2026-09-07 09:19:17,2026-09-01 11:32:00,,Colorado,970,"Reducing your debt (credit cards, mortgage, student loans)",N
8558064630,2026-09-07 09:19:47,2026-09-07 09:16:00,Old Bridge,New Jersey,732,"Reducing your debt (credit cards, mortgage, student loans)",Y
8665544418,2026-09-07 09:21:14,2026-09-05 15:58:00,,Colorado,970,"Reducing your debt (credit cards, mortgage, student loans)",N
,2026-09-07 09:21:23,2026-09-04 04:41:00,,Texas,334,"Reducing your debt (credit cards, mortgage, student loans)",Y
7867792021,2026-09-07 09:21:25,2026-09-06 00:00:00,Eagle Lake,Florida,863,Other,Y
,2026-09-07 09:22:06,2026-09-07 09:20:00,Essex,Maryland,410,Home improvement  & cleaning,Y
8337466461,2026-09-07 09:22:10,2026-09-05 14:25:00,,Colorado,970,"Reducing your debt (credit cards, mortgage, student loans)",N
5039288179,2026-09-07 09:22:20,2026-09-07 10:14:00,Apache Junction,Arizona,503,Other,Y
5053853951,2026-09-07 09:22:55,2026-09-05 12:25:00,,Colorado,970,"Reducing your debt (credit cards, mortgage, student loans)",N
8886764041,2026-09-07 09:23:15,2026-09-07 05:21:00,Kodiak,Alaska,907,Medical  & prescriptions,N
9034476933,2026-09-07 09:23:15,2026-09-07 09:13:00,Salisbury,North Carolina,704,"Reducing your debt (credit cards, mortgage, student loans)",Y
,2026-09-07 09:23:39,2026-09-06 22:57:00,Seabrook,New Hampshire,603,"Calls pretending to be government, businesses, or family and friends",Y
8665546562,2026-09-07 09:23:42,2026-09-04 19:24:00,,Colorado,970,"Reducing your debt (credit cards, mortgage, student loans)",N
8558064630,2026-09-07 09:24:06,2026-09-07 06:16:00,Higley,Arizona,480,"Reducing your debt (credit cards, mortgage, student loans)",N
8336154926,2026-09-07 09:24:29,2026-09-04 17:44:00,,Colorado,970,"Reducing your debt (credit cards, mortgage, student loans)",N
4073384227,2026-09-07 09:24:42,2026-09-05 11:02:00,Palm Bay,Florida,321,Other,Y
8337462980,2026-09-07 09:25:12,2026-09-04 17:09:00,,Colorado,970,"Reducing your debt (credit cards, mortgage, student loans)",N
6893060196,2026-09-07 09:25:39,2026-09-05 11:41:00,Palm Bay,Florida,321,Other,Y
8447814499,2026-09-07 09:25:46,2026-09-04 17:00:00,,Colorado,970,"Reducing your debt (credit cards, mortgage, student loans)",N
4074701506,2026-09-07 09:26:28,2026-09-05 14:48:00,Palm Bay,Florida,321,Other,Y
9703556683,2026-09-07 09:27:00,2026-09-04 15:29:00,,Colorado,970,"Reducing your debt (credit cards, mortgage, student loans)",N
6892070112,2026-09-07 09:27:26,2026-09-06 11:02:00,Palm Bay,Florida,321,Other,Y
5053853951,2026-09-07 09:27:53,2026-09-04 14:55:00,,Colorado,970,"Reducing your debt (credit cards, mortgage, student loans)",N
9432690765,2026-09-07 09:28:08,2026-09-06 10:04:00,,Georgia,943,"Calls pretending to be government, businesses, or family and friends",Y
3863900088,2026-09-07 09:28:21,2026-09-06 14:05:00,Palm Bay,Florida,321,Other,Y
9705940522,2026-09-07 09:28:34,2026-09-04 14:47:00,,Colorado,970,"Reducing your debt (credit cards, mortgage, student loans)",N
5735412344,2026-09-07 09:29:03,2026-09-07 06:32:00,San Antonio,Texas,210,Other,Y
8447582421,2026-09-07 09:29:14,2026-09-04 14:32:00,,Colorado,970,"Reducing your debt (credit cards, mortgage, student loans)",N
4073474628,2026-09-07 09:29:19,2026-09-07 08:14:00,Palm Bay,Florida,321,Other,Y
9525922429,2026-09-07 09:30:04,2026-09-04 14:01:00,,Colorado,970,"Reducing your debt (credit cards, mortgage, student loans)",N
6049468019,2026-09-07 09:30:11,2026-09-02 04:45:00,,Texas,281,"Reducing your debt (credit cards, mortgage, student loans)",Y
8883665246,2026-09-07 09:30:45,2026-09-04 14:00:00,,Colorado,970,"Reducing your debt (credit cards, mortgage, student loans)",N
9528732633,2026-09-07 09:31:30,2026-09-04 13:57:00,,Colorado,970,"Reducing your debt (credit cards, mortgage, student loans)",N
8558011637,2026-09-07 09:32:16,2026-09-04 10:55:00,,Colorado,970,"Reducing your debt (credit cards, mortgage, student loans)",N
8665561120,2026-09-07 09:32:36,2026-09-07 08:19:00,Glasford,Illinois,309,"Reducing your debt (credit cards, mortgage, student loans)",Y
8447813269,2026-09-07 09:32:58,2026-09-04 10:54:00,,Colorado,970,"Reducing your debt (credit cards, mortgage, student loans)",N
3863900088,2026-09-07 09:33:37,2026-09-06 14:06:00,Palm Bay,Florida,321,Home improvement  & cleaning,Y
8446421903,2026-09-07 09:33:49,2026-09-04 09:35:00,,Colorado,970,"Reducing your debt (credit cards, mortgage, student loans)",N
8778914037,2026-09-07 09:34:30,2026-09-04 07:56:00,,Colorado,970,"Reducing your debt (credit cards, mortgage, student loans)",N
2563682508,2026-09-07 09:34:41,2026-09-07 08:25:00,Alpine,Alabama,256,Other,Y
8447814780,2026-09-07 09:34:58,2026-09-07 21:20:00,Lauderdale-By-The-Sea,Florida,202,"Reducing your debt (credit cards, mortgage, student loans)",Y
8447814207,2026-09-07 09:35:07,2026-09-07 08:19:00,,Illinois,847,"Reducing your debt (credit cards, mortgage, student loans)",Y
8558011599,2026-09-07 09:35:19,2026-09-03 17:19:00,,Colorado,970,"Reducing your debt (credit cards, mortgage, student loans)",N
8137906595,2026-09-07 09:35:38,2026-09-04 00:00:00,Sebring,Florida,813,"Reducing your debt (credit cards, mortgage, student loans)",Y
4029689250,2026-09-07 09:35:58,2026-09-01 00:00:00,,Texas,281,"Reducing your debt (credit cards, mortgage, student loans)",Y
9705048037,2026-09-07 09:35:59,2026-09-03 17:02:00,,Colorado,970,"Reducing your debt (credit cards, mortgage, student loans)",N
8778835869,2026-09-07 09:36:44,2026-09-03 14:21:00,,Colorado,970,"Reducing your debt (credit cards, mortgage, student loans)",N
8665663272,2026-09-07 09:36:48,2026-09-07 09:20:00,Sebring,Florida,813,"Reducing your debt (credit cards, mortgage, student loans)",Y
4407145817,2026-09-07 09:37:30,2026-09-05 13:05:00,Chagrin Falls,Ohio,440,Dropped call or no message,Y
8558060832,2026-09-07 09:37:48,2026-09-03 12:10:00,,Colorado,970,"Reducing your debt (credit cards, mortgage, student loans)",N
8449884650,2026-09-07 09:37:55,2026-09-04 16:18:00,Calabash,North Carolina,330,"Reducing your debt (credit cards, mortgage, student loans)",Y
8336253909,2026-09-07 09:38:26,2026-09-07 06:30:00,Fremont,California,833,"Reducing your debt (credit cards, mortgage, student loans)",Y
0894870157,2026-09-07 09:38:34,2026-09-07 08:06:00,McHenry,Illinois,815,"Reducing your debt (credit cards, mortgage, student loans)",Y
,2026-09-07 09:38:52,2026-09-07 09:37:00,,Pennsylvania,717,Medical  & prescriptions,Y
8664175059,2026-09-07 09:38:58,2026-09-02 17:45:00,,Colorado,970,"Reducing your debt (credit cards, mortgage, student loans)",N
9568777175,2026-09-07 09:39:24,2026-09-04 17:50:00,Weiser,Idaho,208,Other,Y
8447583201,2026-09-07 09:39:35,2026-09-02 17:03:00,,Colorado,970,"Reducing your debt (credit cards, mortgage, student loans)",N
8665545164,2026-09-07 09:40:24,2026-09-02 15:41:00,,Colorado,970,"Reducing your debt (credit cards, mortgage, student loans)",N
8639498533,2026-09-07 09:40:33,2026-09-05 14:32:00,McHenry,Illinois,815,"Reducing your debt (credit cards, mortgage, student loans)",Y
8564078732,2026-09-07 09:42:07,2026-09-04 20:01:00,McHenry,Illinois,815,"Reducing your debt (credit cards, mortgage, student loans)",Y
4793026650,2026-09-07 09:42:32,2026-09-07 08:25:00,,Arkansas,479,Home improvement  & cleaning,N
9412552061,2026-09-07 09:43:07,2026-09-07 13:36:00,,Florida,321,Other,Y
9048518743,2026-09-07 09:43:34,2026-09-07 09:40:00,St Augustine,Florida,904,Other,Y
9896658491,2026-09-07 09:44:03,2026-09-04 17:50:00,McHenry,Illinois,815,"Reducing your debt (credit cards, mortgage, student loans)",Y
9412340197,2026-09-07 09:44:21,2026-09-07 09:27:00,Punta Gorda,Florida,941,No Subject Provided,
9088496878,2026-09-07 09:44:49,2026-09-07 08:26:00,,Oklahoma,405,"Calls pretending to be government, businesses, or family and friends",Y
9707423937,2026-09-07 09:44:50,2026-09-07 12:00:00,Jackson,Wyoming,307,Other,N
8665546112,2026-09-07 09:45:05,2026-09-07 08:35:00,Illinois,Illinois,630,"Reducing your debt (credit cards, mortgage, student loans)",Y
3213454712,2026-09-07 09:45:10,2026-09-07 09:44:00,palm bay,Florida,321,No Subject Provided,Y
8667265606,2026-09-07 09:45:20,2026-05-02 18:14:00,Daytona Beach,Florida,386,"Reducing your debt (credit cards, mortgage, student loans)",Y
8558065581,2026-09-07 09:45:35,2026-09-07 20:40:00,,Illinois,708,Other,Y
5862035785,2026-09-07 09:46:15,2026-09-07 09:42:00,Sterling Heights,Michigan,586,Medical  & prescriptions,N
8636646309,2026-09-07 09:48:03,2026-09-07 09:45:00,Sebring,Florida,863,Other,N
,2026-09-07 09:49:18,2026-09-07 13:40:00,Walkerton,Virginia,804,Other,Y
8777860127,2026-09-07 09:52:05,2026-08-28 10:00:00,Amesbury,Massachusetts,603,"Calls pretending to be government, businesses, or family and friends",N
2624184354,2026-09-07 09:53:41,2026-09-07 09:45:00,,Indiana,317,Work from home  & other ways to make money,Y
3048538488,2026-09-07 09:58:00,2026-08-25 10:48:00,Potomac,Maryland,202,"Reducing your debt (credit cards, mortgage, student loans)",Y
7088643415,2026-09-07 09:58:03,2026-09-04 18:59:00,Madison,New Jersey,630,"Reducing your debt (credit cards, mortgage, student loans)",Y
2178349513,2026-09-07 09:58:10,2026-09-07 08:27:00,,Oklahoma,405,"Reducing your debt (credit cards, mortgage, student loans)",Y
8336726539,2026-09-07 09:58:11,2026-09-07 12:00:00,Long Beach,California,805,"Reducing your debt (credit cards, mortgage, student loans)",Y
7322810000,2026-09-07 09:58:30,2026-09-07 09:48:00,,New Jersey,732,Warranties  & protection plans,N
2178349513,2026-09-07 09:58:58,2026-09-07 08:16:00,,Nebraska,402,"Reducing your debt (credit cards, mortgage, student loans)",Y
6318377529,2026-09-07 09:59:10,2026-08-24 16:24:00,Potomac,District of Columbia,202,"Reducing your debt (credit cards, mortgage, student loans)",Y
7087891463,2026-09-07 09:59:40,2026-09-05 18:11:00,Madison,New Jersey,630,"Reducing your debt (credit cards, mortgage, student loans)",Y
5743583821,2026-09-07 09:59:42,2026-09-07 09:57:00,Osecola,Indiana,574,No Subject Provided,Y
2414756720,2026-09-07 09:59:47,2026-09-07 09:30:00,,Georgia,404,"Reducing your debt (credit cards, mortgage, student loans)",Y
5618305879,2026-09-07 09:59:59,2026-09-07 09:56:00,Riviera Beach,Florida,561,"Calls pretending to be government, businesses, or family and friends",N
9453456434,2026-09-07 10:00:13,2026-08-22 14:26:00,Potomac,District of Columbia,202,"Reducing your debt (credit cards, mortgage, student loans)",Y
8778912864,2026-09-07 10:00:28,2026-09-07 09:59:00,,New Jersey,856,"Reducing your debt (credit cards, mortgage, student loans)",Y
7327987742,2026-09-07 10:01:04,2026-09-07 09:43:00,,New Jersey,732,"Calls pretending to be government, businesses, or family and friends",Y
3309776838,2026-09-07 10:01:08,2026-09-03 15:29:00,Louisville,Ohio,330,Medical  & prescriptions,N
8558065473,2026-09-07 10:01:47,2026-09-07 10:00:00,Clifton Forge,Virginia,540,"Reducing your debt (credit cards, mortgage, student loans)",Y
8665549289,2026-09-07 10:02:06,2026-09-07 09:55:00,,North Carolina,919,"Reducing your debt (credit cards, mortgage, student loans)",Y
8044486548,2026-09-07 10:02:23,2026-09-05 18:34:00,CHICAGO,Illinois,312,"Reducing your debt (credit cards, mortgage, student loans)",Y
3303175778,2026-09-07 10:02:38,2026-09-02 11:14:00,Louisville,Ohio,330,Other,Y
8005550433,2026-09-07 10:02:54,2026-09-01 13:51:00,Hoboken,New Jersey,215,"Calls pretending to be government, businesses, or family and friends",N
3309922578,2026-09-07 10:04:41,2026-09-04 16:14:00,Louisville,Ohio,330,"Calls pretending to be government, businesses, or family and friends",N
8889121881,2026-09-07 10:05:37,2026-08-21 12:08:00,,Illinois,312,"Calls pretending to be government, businesses, or family and friends",Y
8778912864,2026-09-07 10:05:38,2026-09-07 09:59:00,,New Jersey,856,"Reducing your debt (credit cards, mortgage, student loans)",Y
9108512831,2026-09-07 10:08:13,2026-09-07 06:03:00,,Illinois,815,Other,Y
8723567033,2026-09-07 10:09:01,2026-09-07 09:07:00,chicago,Illinois,718,Other,N
7048264092,2026-09-07 10:09:35,2026-09-07 10:03:00,Waxhaw,North Carolina,704,Other,Y
8037080004,2026-09-07 10:10:48,2026-09-07 14:07:00,,South Carolina,803,"Calls pretending to be government, businesses, or family and friends",Y
7048264092,2026-09-07 10:12:16,2026-09-07 09:44:00,Waxhaw,North Carolina,704,Other,Y
8564401411,2026-09-07 10:13:10,2026-09-07 10:06:00,Clementon,New Jersey,856,Medical  & prescriptions,Y
8039732684,2026-09-07 10:14:45,2026-09-03 16:33:00,Canon City,Colorado,970,"Calls pretending to be government, businesses, or family and friends",N
8555752268,2026-09-07 10:15:04,2026-09-04 11:45:00,Glenpool,Oklahoma,918,No Subject Provided,
3369681094,2026-09-07 10:15:18,2026-09-07 09:27:00,Waxhaw,North Carolina,704,No Subject Provided,Y
8778912864,2026-09-07 10:17:09,2026-09-07 09:58:00,Cape Coral,Florida,239,"Reducing your debt (credit cards, mortgage, student loans)",Y
,2026-09-07 10:17:13,2026-09-07 06:27:00,,New Jersey,908,Other,Y
4234314633,2026-09-07 10:18:26,2026-09-07 10:16:00,Athens,Tennessee,423,Other,Y
4304005343,2026-09-07 10:18:49,2026-09-05 14:57:00,,California,619,Other,Y
4304005343,2026-09-07 10:19:20,2026-09-05 14:57:00,LA GRANGE PK,Illinois,619,Other,Y
8332661677,2026-09-07 10:20:26,2026-09-07 10:19:00,Bellevue,Ohio,833,Warranties  & protection plans,Y
8334101092,2026-09-07 10:20:30,2026-09-07 10:19:00,,Florida,904,Other,Y
8778914026,2026-09-07 10:20:31,2026-09-04 17:54:00,Santa Clara,New Mexico,575,Other,Y
6893428099,2026-09-07 10:21:28,2026-09-07 09:18:00,,Florida,850,Dropped call or no message,Y
6016496458,2026-09-07 10:21:42,2026-09-07 09:21:00,Vicksburg,Mississippi,601,Other,Y
8202409012,2026-09-07 10:22:18,2026-09-06 18:02:00,Canon City,Colorado,970,"Calls pretending to be government, businesses, or family and friends",N
2202391352,2026-09-07 10:23:34,2026-09-05 11:45:00,,Florida,850,Dropped call or no message,Y
,2026-09-07 10:23:38,2026-08-25 16:20:00,CINCINNATI,Ohio,513,Medical  & prescriptions,Y
2623282972,2026-09-07 10:24:09,2026-09-06 16:23:00,waukesha,Wisconsin,262,Other,
8887137612,2026-09-07 10:25:52,2026-09-07 10:00:00,Roanoke,Virginia,540,Warranties  & protection plans,Y
8449276685,2026-09-07 10:26:24,2026-09-05 12:34:00,Santa Clara,New Mexico,575,Other,Y
9033859497,2026-09-07 10:27:08,2026-09-04 14:55:00,Chicago,Illinois,903,"Calls pretending to be government, businesses, or family and friends",Y
8336721641,2026-09-07 10:27:18,2026-09-03 12:09:00,Zebulon,Georgia,770,"Reducing your debt (credit cards, mortgage, student loans)",Y
5742406348,2026-09-07 10:27:24,2026-09-07 10:26:00,Osecola,Indiana,574,No Subject Provided,Y
8665562802,2026-09-07 10:28:20,2026-09-03 16:53:00,Zebulon,Georgia,770,"Reducing your debt (credit cards, mortgage, student loans)",Y
2162849808,2026-09-07 10:28:43,2026-09-07 09:57:00,Zoar,Ohio,330,Other,N
4132580572,2026-09-07 10:29:04,2026-09-05 12:00:00,,Oklahoma,405,"Calls pretending to be government, businesses, or family and friends",N
3862616546,2026-09-07 10:29:15,2026-09-07 10:27:00,,Florida,386,Other,Y
8447573512,2026-09-07 10:29:26,2026-09-07 06:52:00,Tucson,Arizona,202,Other,Y
8336404225,2026-09-07 10:29:32,2026-09-03 19:50:00,Zebulon,Georgia,770,"Reducing your debt (credit cards, mortgage, student loans)",Y
8147531954,2026-09-07 10:29:55,2026-09-07 08:28:00,Como,Colorado,814,"Calls pretending to be government, businesses, or family and friends",Y
8555647164,2026-09-07 10:30:13,2026-09-04 16:53:00,Clinton Twp.,Michigan,586,"Reducing your debt (credit cards, mortgage, student loans)",Y
8447513506,2026-09-07 10:30:29,2026-09-07 10:02:00,,Florida,813,"Reducing your debt (credit cards, mortgage, student loans)",Y
8555646585,2026-09-07 10:30:35,2026-09-04 09:14:00,Zebulon,Georgia,770,"Reducing your debt (credit cards, mortgage, student loans)",Y
8552728185,2026-09-07 10:30:53,2026-09-07 11:33:00,Grand Junction,Colorado,601,"Calls pretending to be government, businesses, or family and friends",N
9189693684,2026-09-07 10:31:00,2026-09-07 09:25:00,Tulsa,Oklahoma,918,"Calls pretending to be government, businesses, or family and friends",N
,2026-09-07 10:31:53,2026-09-07 14:02:00,Acton,Massachusetts,978,"Calls pretending to be government, businesses, or family and friends",N
4407443489,2026-09-07 10:32:04,2026-09-07 10:29:00,Mentor,Ohio,440,Home improvement  & cleaning,Y
8884357219,2026-09-07 10:32:09,2026-09-04 17:48:00,Zebulon,Georgia,770,"Reducing your debt (credit cards, mortgage, student loans)",Y
7156316229,2026-09-07 10:32:33,2026-09-07 09:21:00,,Wisconsin,715,No Subject Provided,Y
9372889923,2026-09-07 10:33:58,2026-09-07 10:31:00,,New York,212,Other,Y
8778834170,2026-09-07 10:34:04,2026-09-07 09:29:00,Boynton Beach,Florida,561,"Reducing your debt (credit cards, mortgage, student loans)",N
7608181469,2026-09-07 10:34:06,2026-09-07 10:05:00,,Georgia,770,"Reducing your debt (credit cards, mortgage, student loans)",Y
2047482234,2026-09-07 10:34:19,2026-09-05 12:14:00,West End,North Carolina,910,"Reducing your debt (credit cards, mortgage, student loans)",Y
8558011779,2026-09-07 10:34:34,2026-09-04 18:08:00,Zebulon,Georgia,770,"Reducing your debt (credit cards, mortgage, student loans)",Y
3313361237,2026-09-07 10:34:43,2026-09-07 10:24:00,,New York,212,Other,Y
3865298751,2026-09-07 10:35:05,2026-09-04 22:04:00,Ormond Beach,Florida,386,"Calls pretending to be government, businesses, or family and friends",Y
8449404748,2026-09-07 10:35:08,2026-09-07 07:24:00,,California,916,"Reducing your debt (credit cards, mortgage, student loans)",Y
8558061784,2026-09-07 10:35:11,2026-09-05 15:39:00,West End,North Carolina,910,"Reducing your debt (credit cards, mortgage, student loans)",Y
8778856173,2026-09-07 10:35:17,2026-09-04 21:00:00,,Virginia,804,No Subject Provided,Y
8665562726,2026-09-07 10:35:24,2026-09-07 10:25:00,,Virginia,804,No Subject Provided,Y
5025310001,2026-09-07 10:35:25,2026-09-05 13:56:00,,Kentucky,502,No Subject Provided,N
4806791469,2026-09-07 10:35:28,2026-09-06 11:49:00,Philadelphia,Pennsylvania,215,"Reducing your debt (credit cards, mortgage, student loans)",Y
8664968891,2026-09-07 10:35:40,2026-09-05 21:00:00,,Virginia,804,No Subject Provided,Y
,2026-09-07 10:35:43,2026-09-07 10:33:00,Essex,Maryland,410,Other,N
3093129642,2026-09-07 10:35:59,2026-09-04 21:00:00,,Virginia,804,No Subject Provided,Y
5026319522,2026-09-07 10:36:07,2026-09-05 12:36:00,,Kentucky,502,No Subject Provided,N
3318089175,2026-09-07 10:36:08,2026-09-07 09:35:00,,Illinois,847,"Calls pretending to be government, businesses, or family and friends",Y
8887483422,2026-09-07 10:36:11,2026-09-07 10:30:00,,Florida,407,Work from home  & other ways to make money,Y
8447574649,2026-09-07 10:36:18,2026-09-04 09:21:00,Zebulon,Georgia,770,"Reducing your debt (credit cards, mortgage, student loans)",Y
5153499335,2026-09-07 10:36:25,2026-09-07 09:33:00,,Iowa,515,Other,Y
8734229925,2026-09-07 10:36:29,2026-09-06 13:24:00,West End,North Carolina,910,"Reducing your debt (credit cards, mortgage, student loans)",Y
9026043272,2026-09-07 10:36:39,2026-09-06 21:00:00,,Virginia,804,No Subject Provided,Y
2366326683,2026-09-07 10:36:40,2026-09-01 17:17:00,Davie,Florida,954,"Reducing your debt (credit cards, mortgage, student loans)",Y
5027210267,2026-09-07 10:36:56,2026-09-04 18:39:00,,Kentucky,502,No Subject Provided,N
8667715820,2026-09-07 10:37:01,2026-09-06 21:00:00,,Virginia,804,No Subject Provided,Y
4708490489,2026-09-07 10:37:19,2026-09-07 07:36:00,,California,310,No Subject Provided,Y
8664997389,2026-09-07 10:37:20,2026-09-07 21:00:00,,Virginia,804,No Subject Provided,Y
8559942145,2026-09-07 10:37:23,2026-09-01 17:17:00,Davie,Florida,954,"Reducing your debt (credit cards, mortgage, student loans)",Y
7804365463,2026-09-07 10:37:26,2026-09-06 12:20:00,Philadelphia,Pennsylvania,215,"Reducing your debt (credit cards, mortgage, student loans)",Y
5085340840,2026-09-07 10:37:29,2026-09-07 10:32:00,Northborough,Massachusetts,508,Home improvement  & cleaning,Y
8558060343,2026-09-07 10:37:31,2026-09-07 09:59:00,West End,North Carolina,910,Other,Y
8336726231,2026-09-07 10:37:32,2026-09-05 11:28:00,Zebulon,Georgia,770,"Reducing your debt (credit cards, mortgage, student loans)",Y
8703725314,2026-09-07 10:37:38,2026-09-07 09:24:00,BATESVILLE,Arkansas,870,Medical  & prescriptions,Y
5026584574,2026-09-07 10:37:53,2026-09-04 17:32:00,,Kentucky,502,No Subject Provided,N
8665541075,2026-09-07 10:38:38,2026-09-04 21:10:00,Clinton Twp.,Michigan,586,"Reducing your debt (credit cards, mortgage, student loans)",Y
8664964076,2026-09-07 10:38:41,2026-09-07 09:14:00,Zebulon,Georgia,770,"Reducing your debt (credit cards, mortgage, student loans)",Y
2674436013,2026-09-07 10:38:43,2026-09-07 10:35:00,,Pennsylvania,267,No Subject Provided,Y
8336095670,2026-09-07 10:38:48,2026-09-07 10:32:00,,Pennsylvania,856,Warranties  & protection plans,Y
4373170062,2026-09-07 10:39:20,2026-09-06 13:55:00,Philadelphia,Pennsylvania,215,"Reducing your debt (credit cards, mortgage, student loans)",Y
8134404695,2026-09-07 10:39:24,2026-09-07 10:37:00,,Florida,813,"Calls pretending to be government, businesses, or family and friends",Y
8778820608,2026-09-07 10:39:29,2026-09-07 00:00:00,Fort Myers,Florida,850,Other,Y
2407878929,2026-09-07 10:39:43,2026-09-01 13:22:00,Davie,Florida,954,"Reducing your debt (credit cards, mortgage, student loans)",Y
4707909150,2026-09-07 10:40:23,2026-09-07 09:38:00,,Michigan,248,"Reducing your debt (credit cards, mortgage, student loans)",Y
2407878929,2026-09-07 10:40:43,2026-09-01 13:22:00,Davie,Florida,954,"Reducing your debt (credit cards, mortgage, student loans)",Y
4136013523,2026-09-07 10:40:54,2026-09-06 14:29:00,Philadelphia,Pennsylvania,215,"Reducing your debt (credit cards, mortgage, student loans)",Y
3159096338,2026-09-07 10:41:06,2026-09-07 09:54:00,,Delaware,302,No Subject Provided,
8884011464,2026-09-07 10:41:32,2026-09-01 08:51:00,Davie,Florida,954,"Reducing your debt (credit cards, mortgage, student loans)",Y
8656590822,2026-09-07 10:41:37,2026-09-07 09:31:00,,Tennessee,865,Other,Y
2025158874,2026-09-07 10:41:43,2026-08-26 12:00:00,Kingston,Pennsylvania,570,"Calls pretending to be government, businesses, or family and friends",N
4697502080,2026-09-07 10:41:43,2026-09-07 14:30:00,Scituate,Texas,972,"Calls pretending to be government, businesses, or family and friends",N
8665444423,2026-09-07 10:42:02,2026-09-05 17:15:00,Clinton Twp.,Michigan,586,"Reducing your debt (credit cards, mortgage, student loans)",Y
2366326683,2026-09-07 10:42:23,2026-09-01 17:36:00,Davie,Florida,954,"Reducing your debt (credit cards, mortgage, student loans)",Y
8336694583,2026-09-07 10:43:12,2026-09-03 12:00:00,Davie,Florida,954,"Reducing your debt (credit cards, mortgage, student loans)",Y
8037537324,2026-09-07 10:44:02,2026-09-07 14:42:00,,South Carolina,803,"Calls pretending to be government, businesses, or family and friends",Y
2159666698,2026-09-07 10:44:15,2026-09-07 09:32:00,Dresher,Pennsylvania,215,Warranties  & protection plans,N
7608181724,2026-09-07 10:44:34,2026-09-07 10:43:00,,Michigan,734,No Subject Provided,
8667714676,2026-09-07 10:44:41,2026-08-24 18:30:00,Springfield,Virginia,702,Other,Y
2547939229,2026-09-07 10:45:09,2026-09-07 10:40:00,OXFORD,North Carolina,254,Home security  & alarms,N
8665561417,2026-09-07 10:45:30,2026-09-07 10:26:00,East Greenbush,New York,413,"Reducing your debt (credit cards, mortgage, student loans)",Y
2157168734,2026-09-07 10:45:53,2026-09-04 19:59:00,Dresher,Pennsylvania,215,Other,Y
2725000663,2026-09-07 10:47:12,2026-09-07 10:39:00,,New York,347,Other,N
7818222150,2026-09-07 10:47:51,2026-09-07 10:27:00,Newton,Massachusetts,508,"Calls pretending to be government, businesses, or family and friends",Y
6132542815,2026-09-07 10:47:51,2026-09-04 16:13:00,,California,925,"Reducing your debt (credit cards, mortgage, student loans)",Y
7087148548,2026-09-07 10:48:02,2026-09-07 08:40:00,Millington,Tennessee,901,"Reducing your debt (credit cards, mortgage, student loans)",Y
8137744306,2026-09-07 10:48:13,2026-07-30 10:00:00,BENTON HARBOR,Michigan,813,Other,Y
7608181241,2026-09-07 10:48:31,2026-09-07 09:28:00,Lake Worth,Florida,305,Other,Y
8558011619,2026-09-07 10:49:03,2026-09-07 10:40:00,Chapel Hill,North Carolina,919,"Reducing your debt (credit cards, mortgage, student loans)",Y
2029902331,2026-09-07 10:49:17,2026-09-07 10:44:00,,Virginia,434,Medical  & prescriptions,Y
5855164883,2026-09-07 10:49:18,2026-09-05 15:46:00,,New York,347,Other,N
6592009340,2026-09-07 10:49:28,2026-09-07 08:46:00,Bessemer,Alabama,205,Other,N
8174725999,2026-09-07 10:49:36,2026-09-07 09:19:00,Arlington,Texas,817,Home security  & alarms,Y
8558062130,2026-09-07 10:50:11,2026-09-07 10:34:00,,New Jersey,855,Other,Y
8664969312,2026-09-07 10:50:11,2026-09-07 07:45:00,Sun City,Arizona,602,"Reducing your debt (credit cards, mortgage, student loans)",Y
4342081860,2026-09-07 10:50:19,2026-09-07 10:42:00,,Virginia,434,Medical  & prescriptions,Y
5704192289,2026-09-07 10:50:42,2026-09-07 10:44:00,Jersey Shore,Pennsylvania,570,"Calls pretending to be government, businesses, or family and friends",Y
8064506187,2026-09-07 10:50:42,2026-09-07 09:21:00,Brownfield,Texas,806,Other,Y
8778913979,2026-09-07 10:51:06,2026-09-07 10:03:00,Clinton Twp.,Michigan,586,"Reducing your debt (credit cards, mortgage, student loans)",Y
4342065472,2026-09-07 10:51:41,2026-09-07 10:41:00,,Virginia,434,Medical  & prescriptions,N
7028857435,2026-09-07 10:51:54,2026-09-05 13:27:00,Lake Worth,Florida,305,Other,Y
5055160984,2026-09-07 10:51:58,2026-09-07 08:47:00,LAS CRUCES,New Mexico,575,Dropped call or no message,Y
7409236118,2026-09-07 10:52:10,2026-09-03 11:01:00,,New York,347,Other,N
7164149304,2026-09-07 10:53:10,2026-08-19 17:37:00,Oak Ridge,Tennessee,201,"Reducing your debt (credit cards, mortgage, student loans)",Y
8558064734,2026-09-07 10:53:12,2026-09-07 07:47:00,Vista,California,760,Other,Y
8337977175,2026-09-07 10:53:47,2026-09-02 13:27:00,,New York,347,Other,N
2179973489,2026-09-07 10:53:58,2026-09-07 09:49:00,CLINTON,Illinois,217,Other,Y
5053155622,2026-09-07 10:54:39,2026-08-21 12:00:00,,Indiana,574,"Calls pretending to be government, businesses, or family and friends",N
8447814207,2026-09-07 10:54:47,2026-09-07 06:19:00,San Diego,California,858,Other,Y
8664969312,2026-09-07 10:54:56,2026-09-07 10:46:00,,Virginia,757,"Reducing your debt (credit cards, mortgage, student loans)",Y
3215779975,2026-09-07 10:55:36,2026-09-07 00:00:00,,Georgia,404,"Reducing your debt (credit cards, mortgage, student loans)",Y
4094029467,2026-09-07 10:55:41,2026-09-07 10:58:00,Vidor,Texas,775,Other,Y
,2026-09-07 10:56:00,2026-01-01 12:00:00,Willard,Ohio,330,Dropped call or no message,N
2178349513,2026-09-07 10:56:13,2026-09-07 06:09:00,San Diego,California,858,Other,Y
8558062130,2026-09-07 10:57:03,2026-09-07 10:34:00,,Tennessee,901,"Reducing your debt (credit cards, mortgage, student loans)",Y
,2026-09-07 10:57:16,2026-09-07 12:00:00,,Virginia,434,Other,Y
,2026-09-07 10:57:52,2026-09-04 09:00:00,Glendora,California,773,"Reducing your debt (credit cards, mortgage, student loans)",Y
4809875482,2026-09-07 10:58:15,2026-09-07 07:55:00,,Arizona,480,"Calls pretending to be government, businesses, or family and friends",Y
7323256100,2026-09-07 10:59:09,2026-09-07 10:57:00,,New Jersey,732,"Calls pretending to be government, businesses, or family and friends",Y
7576542638,2026-09-07 10:59:12,2026-09-07 10:57:00,Virgina beach,Virginia,619,Other,N
6592081094,2026-09-07 10:59:13,2026-09-03 11:36:00,Bessemer,Alabama,205,Other,N
8665564804,2026-09-07 10:59:20,2026-09-07 08:27:00,Omaha,Nebraska,402,"Calls pretending to be government, businesses, or family and friends",Y
4245368856,2026-09-07 11:00:11,2026-09-06 11:47:00,Torrance,California,310,No Subject Provided,Y
8778838565,2026-09-07 11:00:17,2026-09-07 09:11:00,,Florida,727,"Reducing your debt (credit cards, mortgage, student loans)",Y
3513567826,2026-09-07 11:01:19,2026-09-07 10:55:00,Newton,Massachusetts,508,"Calls pretending to be government, businesses, or family and friends",Y
9124161908,2026-09-07 11:01:52,2026-09-07 07:03:00,Yuma,Arizona,619,Other,Y
8565561313,2026-09-07 11:02:34,2026-09-07 09:45:00,Milton,Florida,504,"Reducing your debt (credit cards, mortgage, student loans)",Y
8327347310,2026-09-07 11:02:36,2026-09-07 10:01:00,Houston,Texas,832,Other,N
6035000090,2026-09-07 11:02:46,2026-09-05 17:33:00,Newton,Massachusetts,508,"Calls pretending to be government, businesses, or family and friends",Y
7755734393,2026-09-07 11:02:46,2026-09-07 13:05:00,Baxter Springs,Kansas,417,"Lotteries, prizes  & sweepstakes",N
6503820060,2026-09-07 11:03:00,2026-09-07 10:32:00,Greenville,South Carolina,843,Computer  & technical support,N
8333482112,2026-09-07 11:03:36,2026-09-07 00:00:00,,Michigan,248,No Subject Provided,
9046171906,2026-09-07 11:03:46,2026-09-07 11:02:00,Pawlet,Vermont,802,Other,N
7157075308,2026-09-07 11:04:03,2026-09-07 09:59:00,marinette,Wisconsin,715,Other,Y
5404262640,2026-09-07 11:04:07,2026-09-07 07:37:00,,Virginia,540,Other,Y
8336785366,2026-09-07 11:04:23,2026-09-07 00:00:00,,Michigan,248,No Subject Provided,
8559193168,2026-09-07 11:04:54,2026-09-07 11:01:00,,South Carolina,864,Other,Y
9048795117,2026-09-07 11:04:58,2026-09-07 11:03:00,,Florida,904,Dropped call or no message,N
3022725165,2026-09-07 11:05:08,2026-08-26 12:00:00,Jackson,Mississippi,601,Other,N
8333052160,2026-09-07 11:05:34,2026-09-06 10:02:00,,New York,914,Other,Y
6822292667,2026-09-07 11:05:38,2026-09-07 09:57:00,Denton,Texas,682,Other,Y
4166540005,2026-09-07 11:06:59,2026-09-06 13:25:00,Riverview,Florida,813,Other,Y
5187531061,2026-09-07 11:07:02,2026-09-07 00:00:00,Halfmoon,New York,518,Other,Y
7157075308,2026-09-07 11:07:33,2026-09-07 09:58:00,marinette,Wisconsin,715,Other,Y
8446422372,2026-09-07 11:07:48,2026-09-07 08:04:00,Sun City,Arizona,602,"Reducing your debt (credit cards, mortgage, student loans)",Y
8444961699,2026-09-07 11:08:33,2026-09-07 00:00:00,,Texas,817,Vacation  & timeshares,Y
8336253318,2026-09-07 11:08:34,2026-09-07 12:00:00,Vallejo,California,510,Other,Y
81390989991,2026-09-07 11:09:15,2026-09-07 10:10:00,st. pete,Florida,727,Dropped call or no message,N
2179007528,2026-09-07 11:09:44,2026-09-06 14:55:00,Riverview,Florida,813,Other,Y
7252200796,2026-09-07 11:11:00,2026-09-07 00:00:00,,Texas,817,Vacation  & timeshares,Y
6016735895,2026-09-07 11:11:02,2026-09-07 09:22:00,Vicksburg,Mississippi,601,Other,Y
8177653227,2026-09-07 11:11:24,2026-09-07 10:03:00,,Texas,214,Home improvement  & cleaning,N
2548480843,2026-09-07 11:12:40,2026-09-07 09:54:00,,Texas,214,Other,N
8778913237,2026-09-07 11:13:10,2026-09-07 10:06:00,Riverview,Florida,813,Other,Y
8336253318,2026-09-07 11:13:16,2026-09-07 06:15:00,,California,510,"Reducing your debt (credit cards, mortgage, student loans)",Y
7658423689,2026-09-07 11:13:17,2026-09-07 11:11:00,,Indiana,765,Other,Y
7156988999,2026-09-07 11:13:46,2026-09-07 10:10:00,Black River Falls,Wisconsin,715,Other,Y
4015684419,2026-09-07 11:14:15,2026-09-07 10:42:00,Ponte Vedra,Florida,401,Home security  & alarms,N
7722900168,2026-09-07 11:14:29,2026-09-07 11:09:00,,Florida,772,"Calls pretending to be government, businesses, or family and friends",N
7542091473,2026-09-07 11:15:21,2026-09-03 00:00:00,,Florida,772,"Calls pretending to be government, businesses, or family and friends",N
8667574758,2026-09-07 11:15:23,2026-09-07 08:55:00,Forest Hill,Maryland,443,"Reducing your debt (credit cards, mortgage, student loans)",Y
8667574758,2026-09-07 11:15:25,2026-09-07 08:55:00,Forest Hill,Maryland,443,"Reducing your debt (credit cards, mortgage, student loans)",Y
8667574758,2026-09-07 11:15:29,2026-09-07 08:55:00,Forest Hill,Maryland,443,"Reducing your debt (credit cards, mortgage, student loans)",Y
7276309741,2026-09-07 11:15:34,2026-09-07 11:05:00,Tarpon springs,Florida,727,Medical  & prescriptions,N
,2026-09-07 11:15:55,2026-09-07 07:00:00,Hazlehurst,Georgia,912,"Calls pretending to be government, businesses, or family and friends",N
5012266037,2026-09-07 11:16:06,2026-09-07 10:09:00,BATESVILLE,Arkansas,870,Warranties  & protection plans,Y
8632691825,2026-09-07 11:16:08,2026-09-02 00:00:00,,Florida,772,"Calls pretending to be government, businesses, or family and friends",N
9049325744,2026-09-07 11:16:48,2026-09-07 11:14:00,,Florida,904,Other,Y
8772397228,2026-09-07 11:17:02,2026-09-07 00:00:00,,Texas,817,Vacation  & timeshares,Y
8882131708,2026-09-07 11:17:09,2026-09-06 14:37:00,Forest Hill,Maryland,443,"Reducing your debt (credit cards, mortgage, student loans)",Y
7348201971,2026-09-07 11:17:12,2026-09-07 11:14:00,,Georgia,908,Other,N
2399840325,2026-09-07 11:17:17,2026-09-02 11:00:00,,Florida,772,No Subject Provided,N
7273618964,2026-09-07 11:17:32,2026-09-07 09:32:00,Tarpon springs,Florida,727,Other,N
8664969312,2026-09-07 11:17:59,2026-09-07 08:45:00,,Colorado,720,Other,Y
4125457539,2026-09-07 11:18:24,2026-08-31 09:41:00,York,South Carolina,412,Other,Y
8603216886,2026-09-07 11:18:24,2026-09-07 10:58:00,Plainville,Connecticut,860,Other,Y
7154092371,2026-09-07 11:18:27,2026-09-07 11:14:00,marinette,Wisconsin,715,Other,Y
7276324125,2026-09-07 11:18:55,2026-09-04 16:06:00,Tarpon springs,Florida,727,Other,N
7074047686,2026-09-07 11:19:22,2026-09-05 18:12:00,,Georgia,908,Other,N
,2026-09-07 11:19:33,2026-09-07 08:10:00,Chehalis,Washington,206,Other,Y
4133090777,2026-09-07 11:19:40,2026-09-07 10:15:00,,Massachusetts,731,"Lotteries, prizes  & sweepstakes",Y
8033100648,2026-09-07 11:19:45,2026-09-01 19:15:00,York,South Carolina,412,Other,Y
9107808382,2026-09-07 11:20:24,2026-09-07 11:18:00,,North Carolina,910,Other,N
4153224469,2026-09-07 11:20:28,2026-09-06 11:48:00,,Florida,305,"Reducing your debt (credit cards, mortgage, student loans)",Y
8545044313,2026-09-07 11:20:41,2026-09-03 18:07:00,York,South Carolina,412,Other,Y
4125457539,2026-09-07 11:21:40,2026-09-04 15:43:00,York,South Carolina,412,Other,Y
6038027593,2026-09-07 11:23:32,2026-09-07 11:17:00,Milton,New Hampshire,603,Dropped call or no message,Y
3177128852,2026-09-07 11:23:37,2026-09-05 12:11:00,,Florida,305,"Reducing your debt (credit cards, mortgage, student loans)",Y
,2026-09-07 11:24:19,2026-09-07 06:28:00,Catalina,Arizona,810,Other,N
7439997480,2026-09-07 11:24:29,2026-09-07 12:00:00,Spring Creek,Nevada,775,Other,Y
6179366869,2026-09-07 11:25:10,2026-09-07 11:16:00,Quincy,Massachusetts,617,Dropped call or no message,N
4044702360,2026-09-07 11:25:14,2026-09-07 10:58:00,Burnsville,North Carolina,404,Other,Y
7276157809,2026-09-07 11:25:30,2026-09-03 17:47:00,,Florida,305,"Reducing your debt (credit cards, mortgage, student loans)",Y
8014487928,2026-09-07 11:25:47,2026-09-08 01:08:00,,Utah,801,Warranties  & protection plans,Y
,2026-09-07 11:27:02,2026-08-20 09:46:00,,Arizona,928,"Reducing your debt (credit cards, mortgage, student loans)",Y
4109196454,2026-09-07 11:27:21,2026-09-06 12:59:00,Salisbury,Maryland,443,"Calls pretending to be government, businesses, or family and friends",Y
8884059728,2026-09-07 11:27:25,2026-09-06 12:00:00,DES MOINES,Iowa,515,Vacation  & timeshares,N
2155834232,2026-09-07 11:27:27,2026-09-07 11:20:00,Dresher,Pennsylvania,215,"Calls pretending to be government, businesses, or family and friends",Y
8593341527,2026-09-07 11:28:30,2026-09-07 08:46:00,Santa Fe,New Mexico,505,"Calls pretending to be government, businesses, or family and friends",Y
2154366734,2026-09-07 11:28:54,2026-09-07 11:25:00,Dresher,Pennsylvania,215,"Calls pretending to be government, businesses, or family and friends",Y
8447482114,2026-09-07 11:28:56,2026-09-07 10:15:00,Ft Lauderdale,Florida,954,Warranties  & protection plans,N
8064600690,2026-09-07 11:29:27,2026-09-07 10:26:00,Amarillo,Texas,719,Home improvement  & cleaning,N
8668772898,2026-09-07 11:29:37,2026-09-02 18:09:00,Newfield,New Jersey,509,"Reducing your debt (credit cards, mortgage, student loans)",N
4049966347,2026-09-07 11:29:56,2026-09-06 16:45:00,Burnsville,North Carolina,404,Medical  & prescriptions,Y
9046610834,2026-09-07 11:30:41,2026-09-07 11:29:00,,Florida,904,Other,Y
5483338827,2026-09-07 11:30:50,2026-09-03 10:21:00,,Florida,305,"Reducing your debt (credit cards, mortgage, student loans)",Y
9805885314,2026-09-07 11:31:09,2026-09-07 11:24:00,Midland,North Carolina,704,Other,Y
6102858369,2026-09-07 11:32:17,2026-09-07 12:00:00,,Pennsylvania,610,Other,Y
4049966347,2026-09-07 11:33:16,2026-08-31 11:38:00,Burnsville,Georgia,404,Medical  & prescriptions,Y
9034476933,2026-09-07 11:34:09,2026-09-07 09:12:00,Lehigh Acres,Florida,239,"Reducing your debt (credit cards, mortgage, student loans)",Y
8664741620,2026-09-07 11:34:47,2026-09-07 10:00:00,Sioux City,Iowa,712,Other,N
2178349513,2026-09-07 11:34:50,2026-09-07 09:40:00,Doylestown,Pennsylvania,908,Other,Y
8303274332,2026-09-07 11:37:52,2026-09-07 10:34:00,New Braunfels,Texas,830,"Reducing your debt (credit cards, mortgage, student loans)",Y
8777989596,2026-09-07 11:38:33,2026-09-03 10:21:00,,Florida,305,"Reducing your debt (credit cards, mortgage, student loans)",Y
5137076990,2026-09-07 11:39:10,2026-09-07 11:26:00,BROOKLYN,Maryland,410,Other,Y
,2026-09-07 11:39:23,2026-09-07 10:15:00,,Wisconsin,262,Medical  & prescriptions,Y
8775782617,2026-09-07 11:39:35,2026-09-05 12:57:00,,Texas,817,"Reducing your debt (credit cards, mortgage, student loans)",Y
4143382570,2026-09-07 11:40:14,2026-09-06 14:10:00,,Connecticut,860,Dropped call or no message,Y
8559942036,2026-09-07 11:40:34,2026-09-02 14:49:00,,Texas,817,"Reducing your debt (credit cards, mortgage, student loans)",Y
7274766518,2026-09-07 11:41:20,2026-09-02 17:44:00,,Florida,305,"Reducing your debt (credit cards, mortgage, student loans)",Y
8883104734,2026-09-07 11:41:38,2026-09-01 18:33:00,,Texas,817,"Reducing your debt (credit cards, mortgage, student loans)",Y
8889050855,2026-09-07 11:42:37,2026-09-01 19:28:00,,Texas,817,"Reducing your debt (credit cards, mortgage, student loans)",Y
6104550807,2026-09-07 11:42:37,2026-09-07 10:24:00,Emmaus,Pennsylvania,610,Other,Y
7246403950,2026-09-07 11:42:41,2026-09-07 11:35:00,LEECHBURG,Pennsylvania,724,Medical  & prescriptions,Y
9033859032,2026-09-07 11:43:01,2026-09-07 11:41:00,,Georgia,908,"Reducing your debt (credit cards, mortgage, student loans)",N
8555647182,2026-09-07 11:44:02,2026-09-07 10:42:00,Omaha,Nebraska,402,"Calls pretending to be government, businesses, or family and friends",Y
8153272656,2026-09-07 11:44:36,2026-09-07 11:27:00,Fl,Florida,910,Vacation  & timeshares,N
4109196454,2026-09-07 11:45:21,2026-09-06 12:00:00,Salisbury,Maryland,443,"Calls pretending to be government, businesses, or family and friends",N
5747043749,2026-09-07 11:45:30,2026-09-07 11:44:00,Osecola,Indiana,574,No Subject Provided,Y
2178179513,2026-09-07 11:46:08,2026-09-07 08:43:00,Las Vegas,Nevada,708,"Reducing your debt (credit cards, mortgage, student loans)",Y
2248666809,2026-09-07 11:47:43,2026-09-01 17:56:00,Orwell,Ohio,440,Home improvement  & cleaning,Y
3184020128,2026-09-07 11:48:24,2026-09-07 10:43:00,,Louisiana,318,Other,Y
4403631296,2026-09-07 11:48:36,2026-09-03 09:05:00,Orwell,Ohio,440,Home improvement  & cleaning,Y
8642528484,2026-09-07 11:49:18,2026-09-07 11:41:00,Taylors,South Carolina,864,Warranties  & protection plans,N
3467444535,2026-09-07 11:49:25,2026-09-07 11:42:00,Rockland,Michigan,906,Other,Y
9543809613,2026-09-07 11:49:32,2026-09-02 15:33:00,,Florida,305,"Reducing your debt (credit cards, mortgage, student loans)",Y
2027546523,2026-09-07 11:49:41,2026-09-07 11:47:00,Gettysburg,Pennsylvania,410,Other,N
4405973806,2026-09-07 11:49:57,2026-09-04 09:40:00,Orwell,Ohio,440,Home improvement  & cleaning,Y
8667715800,2026-09-07 11:50:20,2026-09-06 14:15:00,Milford,Michigan,248,Other,Y
8556702144,2026-09-07 11:50:48,2026-09-07 11:48:00,,Pennsylvania,717,Other,N
4406723904,2026-09-07 11:50:54,2026-09-04 11:41:00,Orwell,Ohio,440,Home improvement  & cleaning,Y
8665546313,2026-09-07 11:51:12,2026-09-07 11:45:00,Old Bridge,New Jersey,732,"Reducing your debt (credit cards, mortgage, student loans)",Y
3478523062,2026-09-07 11:51:31,2026-09-07 12:00:00,Seymour,Tennessee,347,"Lotteries, prizes  & sweepstakes",N
,2026-09-07 11:51:33,2026-09-07 15:48:00,Harrison,Ohio,513,"Calls pretending to be government, businesses, or family and friends",Y
7744358461,2026-09-07 11:51:35,2026-09-07 11:36:00,Warner Robins,Georgia,478,Other,Y
4405511246,2026-09-07 11:52:07,2026-09-07 11:41:00,Orwell,Ohio,440,Home improvement  & cleaning,Y
8887179301,2026-09-07 11:52:39,2026-09-07 11:47:00,Old Bridge,New Jersey,732,"Reducing your debt (credit cards, mortgage, student loans)",Y
2178349513,2026-09-07 11:52:56,2026-09-07 11:36:00,Warner Robins,Georgia,478,Other,Y
2144894470,2026-09-07 11:53:21,2026-09-07 10:30:00,Colleyville,Texas,214,Medical  & prescriptions,Y
7712321413,2026-09-07 11:53:50,2026-09-07 11:00:00,Suches,Georgia,706,No Subject Provided,
9898426593,2026-09-07 11:54:36,2026-09-07 11:46:00,Chester,South Carolina,862,"Reducing your debt (credit cards, mortgage, student loans)",Y
2284609489,2026-09-07 11:56:13,2026-09-07 00:00:00,Mississippi,Mississippi,228,Medical  & prescriptions,Y
8505756418,2026-09-07 11:56:25,2026-09-07 10:55:00,,Florida,850,No Subject Provided,Y
8883119006,2026-09-07 11:57:43,2026-09-07 11:45:00,Medina,Ohio,216,Other,Y
4057916286,2026-09-07 11:58:01,2026-09-07 10:55:00,Purcell,Oklahoma,405,Vacation  & timeshares,N
8558011619,2026-09-07 11:58:30,2026-09-07 07:02:00,Tonopah,Arizona,602,"Reducing your debt (credit cards, mortgage, student loans)",Y
8508678713,2026-09-07 11:58:42,2026-09-07 10:35:00,PC Beach,Florida,850,Medical  & prescriptions,Y
,2026-09-07 11:59:51,2026-09-04 00:00:00,,Oklahoma,918,"Reducing your debt (credit cards, mortgage, student loans)",Y
8058479544,2026-09-07 11:59:52,2026-09-07 11:54:00,,Michigan,248,Dropped call or no message,Y
3217850403,2026-09-07 11:59:57,2026-09-07 11:57:00,,Florida,305,"Reducing your debt (credit cards, mortgage, student loans)",Y
2517766934,2026-09-07 11:59:58,2026-09-07 10:56:00,Spanish Fort,Alabama,251,Medical  & prescriptions,Y
9104087693,2026-09-07 12:00:00,2026-09-07 11:48:00,,North Carolina,910,No Subject Provided,Y
8883407175,2026-09-07 12:00:08,2026-09-07 08:57:00,,Maryland,443,"Reducing your debt (credit cards, mortgage, student loans)",
2517766934,2026-09-07 12:00:10,2026-09-07 10:56:00,Spanish Fort,Alabama,251,Medical  & prescriptions,Y
9412080701,2026-09-07 12:00:15,2026-09-05 17:36:00,Jesup,Georgia,941,"Reducing your debt (credit cards, mortgage, student loans)",Y
7156282901,2026-09-07 12:00:33,2026-09-07 10:45:00,marinette,Wisconsin,715,Other,Y
,2026-09-07 12:02:01,2026-09-07 12:00:00,,Michigan,989,"Calls pretending to be government, businesses, or family and friends",Y
4848962740,2026-09-07 12:02:36,2026-09-04 11:37:00,Danville,Indiana,512,Other,Y
7139992417,2026-09-07 12:04:24,2026-09-07 11:01:00,,Texas,281,Other,Y
8449276973,2026-09-07 12:05:33,2026-09-07 06:35:00,Chino Hills,California,951,"Reducing your debt (credit cards, mortgage, student loans)",Y
8665548155,2026-09-07 12:05:49,2026-09-04 14:30:00,Glasford,Illinois,309,"Reducing your debt (credit cards, mortgage, student loans)",Y
4707982419,2026-09-07 12:06:19,2026-09-04 23:40:00,Noblesville,Indiana,317,"Reducing your debt (credit cards, mortgage, student loans)",Y
8336726403,2026-09-07 12:06:26,2026-09-04 17:35:00,Glasford,Illinois,309,"Reducing your debt (credit cards, mortgage, student loans)",Y
7193310383,2026-09-07 12:06:44,2026-09-07 10:04:00,Colorado Springs,Colorado,719,Home improvement  & cleaning,Y
8665561120,2026-09-07 12:07:07,2026-09-07 10:59:00,Glasford,Illinois,309,"Reducing your debt (credit cards, mortgage, student loans)",Y
2076077965,2026-09-07 12:08:32,2026-09-07 15:00:00,Providence,Rhode Island,207,"Energy, solar,  & utilities",Y
6085279784,2026-09-07 12:08:35,2026-09-05 09:44:00,Montello,Wisconsin,608,Dropped call or no message,Y
5513785638,2026-09-07 12:08:53,2026-08-25 12:14:00,Batavia,Illinois,630,"Calls pretending to be government, businesses, or family and friends",Y
2819785983,2026-09-07 12:09:16,2026-09-07 11:07:00,Houston,Texas,281,Other,N
7302260081,2026-09-07 12:09:39,2026-09-07 09:20:00,McHenry,Illinois,815,Warranties  & protection plans,N
4172019141,2026-09-07 12:09:48,2026-09-07 11:03:00,Springfield,Missouri,417,Other,Y
6085279784,2026-09-07 12:10:01,2026-09-07 09:17:00,Montello,Wisconsin,608,Dropped call or no message,Y
4043698707,2026-09-07 12:10:34,2026-09-07 07:11:00,Mesa,Arizona,623,Other,N
7373323036,2026-09-07 12:10:56,2026-09-07 10:58:00,Jersey City,New Jersey,737,Other,Y
9296840397,2026-09-07 12:11:03,2026-08-13 11:20:00,,Georgia,404,Other,Y
8098491609,2026-09-07 12:11:17,2026-09-07 07:18:00,,Colorado,970,Other,N
6313252102,2026-09-07 12:11:21,2026-09-07 21:25:00,,New York,631,Other,N
7744509174,2026-09-07 12:11:41,2026-09-07 10:42:00,Lansing,Illinois,708,Other,Y
2076077965,2026-09-07 12:12:05,2026-09-07 11:00:00,,Rhode Island,401,"Energy, solar,  & utilities",N
4157500242,2026-09-07 12:12:14,2026-09-02 14:16:00,,Florida,305,"Reducing your debt (credit cards, mortgage, student loans)",Y
8336726504,2026-09-07 12:12:25,2026-09-07 10:07:00,Davison,Michigan,810,Other,
9035820421,2026-09-07 12:12:38,2026-09-07 00:00:00,Lansing,Illinois,708,Other,Y
6233342409,2026-09-07 12:12:55,2026-09-07 10:10:00,Avondale,Arizona,623,Medical  & prescriptions,Y
5156748188,2026-09-07 12:13:00,2026-09-07 11:11:00,,Iowa,515,Dropped call or no message,Y
8882690263,2026-09-07 12:13:18,2026-09-02 14:16:00,,Florida,305,"Reducing your debt (credit cards, mortgage, student loans)",Y
4844239705,2026-09-07 12:13:48,2026-09-07 12:00:00,Philadelphia,Pennsylvania,215,Other,Y
3188733273,2026-09-07 12:14:21,2026-09-07 11:08:00,,Louisiana,318,Other,Y
2086074230,2026-09-07 12:14:31,2026-09-07 06:00:00,Nampa,Idaho,208,Other,Y
8309475385,2026-09-07 12:15:29,2026-09-05 12:49:00,San Antonio,Texas,210,Other,N
4167500242,2026-09-07 12:15:49,2026-09-01 15:16:00,,Florida,305,"Reducing your debt (credit cards, mortgage, student loans)",Y
2084174923,2026-09-07 12:15:56,2026-09-07 09:41:00,Nampa,Idaho,208,Other,Y
6629631830,2026-09-07 12:16:37,2026-09-07 12:16:00,Wheatley Heights,New York,631,"Reducing your debt (credit cards, mortgage, student loans)",Y
67146138547,2026-09-07 12:16:41,2026-09-07 10:07:00,Montello,Wisconsin,608,Dropped call or no message,Y
2088774178,2026-09-07 12:16:47,2026-09-07 09:58:00,Nampa,Idaho,208,Other,Y
5152201579,2026-09-07 12:16:57,2026-09-07 11:15:00,,Iowa,515,Dropped call or no message,Y
917365912,2026-09-07 12:17:01,2026-09-07 09:06:00,North Little Rock,Arkansas,918,Other,Y
8304907679,2026-09-07 12:17:08,2026-09-05 13:34:00,San Antonio,Texas,210,Other,N
8704433626,2026-09-07 12:17:27,2026-09-07 11:13:00,Montello,Wisconsin,608,Dropped call or no message,Y
7279222667,2026-09-07 12:18:01,2026-09-07 09:00:00,Texarkana,Texas,903,"Reducing your debt (credit cards, mortgage, student loans)",N
7086201773,2026-09-07 12:18:05,2026-08-28 15:26:00,Lansing,Illinois,708,Dropped call or no message,Y
6826154623,2026-09-07 12:18:45,2026-09-07 11:14:00,Denton,Texas,682,Other,Y
3035704032,2026-09-07 12:18:51,2026-09-07 00:00:00,Aurora,Colorado,303,Other,N
2109529980,2026-09-07 12:19:16,2026-09-07 00:00:00,San Antonio,Texas,210,Other,N
6303874326,2026-09-07 12:19:16,2026-09-07 11:00:00,ELBURN,Illinois,630,Other,Y
8667997752,2026-09-07 12:19:29,2026-09-07 11:12:00,,Nevada,775,Home security  & alarms,Y
3367158805,2026-09-07 12:19:47,2026-09-07 11:00:00,Ferguson,North Carolina,336,Home security  & alarms,Y
9209841685,2026-09-07 12:19:50,2026-09-07 11:17:00,,Wisconsin,920,Charities,Y
5108382844,2026-09-07 12:20:06,2026-09-01 10:21:00,Oakley,California,925,Other,N
3512255917,2026-09-07 12:20:07,2026-09-07 12:15:00,,Massachusetts,781,"Reducing your debt (credit cards, mortgage, student loans)",Y
8558011080,2026-09-07 12:20:20,2026-09-01 12:02:00,Mountain Home,Idaho,208,Other,Y
8778834581,2026-09-07 12:20:34,2026-09-07 12:04:00,St. Petersburg,Florida,727,"Reducing your debt (credit cards, mortgage, student loans)",Y
4433280974,2026-09-07 12:21:08,2026-09-07 12:20:00,Arnold,Maryland,443,"Calls pretending to be government, businesses, or family and friends",Y
6826887176,2026-09-07 12:21:12,2026-09-05 14:47:00,Denton,Texas,682,Other,Y
4146517670,2026-09-07 12:21:18,2026-09-07 11:16:00,Milwaukee,Wisconsin,833,"Reducing your debt (credit cards, mortgage, student loans)",Y
8669460526,2026-09-07 12:21:23,2026-09-07 12:11:00,Tallahassee,Florida,850,Warranties  & protection plans,Y
9183246225,2026-09-07 12:21:27,2026-09-05 18:29:00,North Little Rock,Oklahoma,918,Other,Y
8444702941,2026-09-07 12:21:40,2026-09-07 11:01:00,,Nevada,775,Home security  & alarms,Y
9252176342,2026-09-07 12:22:01,2026-09-02 12:44:00,Oakley,California,925,Other,N
2398999328,2026-09-07 12:22:36,2026-09-07 12:20:00,Mayfield Heights,Ohio,440,"Reducing your debt (credit cards, mortgage, student loans)",N
6822229488,2026-09-07 12:22:43,2026-09-05 02:47:00,Denton,Texas,682,Other,Y
5123090768,2026-09-07 12:22:55,2026-09-07 09:47:00,,Texas,512,Dropped call or no message,N
,2026-09-07 12:23:28,2026-09-07 12:00:00,,South Dakota,605,Other,Y
,2026-09-07 12:23:28,2026-09-05 13:56:00,Denton,Texas,682,Other,Y
9254300375,2026-09-07 12:23:41,2026-09-03 09:30:00,Oakley,California,925,Other,N
,2026-09-07 12:24:17,2026-09-05 09:53:00,Denton,Texas,682,Other,Y
,2026-09-07 12:24:56,2026-09-04 17:08:00,Denton,Texas,682,Other,Y
5108800418,2026-09-07 12:25:08,2026-09-03 10:15:00,Oakley,California,925,Other,N
,2026-09-07 12:25:31,2026-09-04 17:04:00,Denton,Texas,682,Other,Y
4703299467,2026-09-07 12:25:46,2026-09-07 09:11:00,Lodi,Wisconsin,630,"Reducing your debt (credit cards, mortgage, student loans)",Y
8023210085,2026-09-07 12:26:28,2026-09-07 12:09:00,Sunny Isles Beach,Florida,305,Other,N
7176859720,2026-09-07 12:26:28,2026-09-07 12:17:00,Mechanicsburg,Pennsylvania,717,Other,Y
9253186655,2026-09-07 12:26:44,2026-09-05 12:03:00,Oakley,California,925,Other,N
9412654974,2026-09-07 12:27:00,2026-09-07 11:23:00,Lodi,Illinois,630,"Reducing your debt (credit cards, mortgage, student loans)",Y
6502105257,2026-09-07 12:27:13,2026-09-07 12:25:00,Gettysburg,Pennsylvania,410,Other,N
9583212977,2026-09-07 12:27:20,2026-09-07 11:58:00,New Castle,Indiana,765,Other,N
6822928912,2026-09-07 12:27:30,2026-09-04 17:04:00,Denton,Texas,682,Other,Y
3465888895,2026-09-07 12:27:46,2026-09-07 09:25:00,,California,949,Charities,N
7725109286,2026-09-07 12:27:54,2026-09-07 06:36:00,Quartz Hill,California,661,"Reducing your debt (credit cards, mortgage, student loans)",Y
,2026-09-07 12:28:34,2026-09-04 11:29:00,Denton,Texas,682,Other,Y
3093129642,2026-09-07 12:28:45,2026-09-05 16:16:00,,Illinois,847,"Calls pretending to be government, businesses, or family and friends",N
,2026-09-07 12:29:08,2026-09-04 10:49:00,Denton,Texas,682,Other,Y
9108376612,2026-09-07 12:29:10,2026-09-07 12:13:00,,North Carolina,910,No Subject Provided,Y
6088710067,2026-09-07 12:29:13,2026-09-07 11:27:00,,Iowa,515,Dropped call or no message,Y
,2026-09-07 12:29:54,2026-09-03 14:47:00,Denton,Texas,682,Other,Y
4173977047,2026-09-07 12:30:01,2026-09-07 11:29:00,Columbia,Missouri,573,Vacation  & timeshares,N
2178349513,2026-09-07 12:30:09,2026-09-07 10:46:00,,Illinois,847,"Calls pretending to be government, businesses, or family and friends",N
8447574388,2026-09-07 12:30:17,2026-09-07 07:26:00,,,505,Other,Y
6825026643,2026-09-07 12:30:45,2026-09-03 14:04:00,Denton,Texas,682,Other,Y
8555648634,2026-09-07 12:31:09,2026-09-07 10:09:00,,,505,Other,Y
,2026-09-07 12:31:18,2026-09-03 09:11:00,Denton,Texas,682,No Subject Provided,Y
2178349513,2026-09-07 12:31:25,2026-09-07 10:22:00,Denver,Colorado,303,Other,N
8555648634,2026-09-07 12:31:26,2026-09-07 16:11:00,,Florida,954,"Calls pretending to be government, businesses, or family and friends",Y
,2026-09-07 12:31:49,2026-09-02 16:55:00,Denton,Texas,682,Other,Y
5205403591,2026-09-07 12:32:16,2026-09-07 08:45:00,Quartz Hill,California,661,"Reducing your debt (credit cards, mortgage, student loans)",Y
4044257773,2026-09-07 12:32:21,2026-09-04 09:34:00,Patient Refused,Arizona,480,Other,Y
,2026-09-07 12:32:22,2026-09-02 10:45:00,Denton,Texas,682,Other,Y
3213467224,2026-09-07 12:32:51,2026-09-07 10:22:00,Merritt Island,Florida,321,Other,Y
,2026-09-07 12:33:04,2026-09-02 09:04:00,Scottsdale,Arizona,480,Other,Y
,2026-09-07 12:33:12,2026-09-01 16:21:00,Denton,Texas,682,Other,Y
5413627816,2026-09-07 12:33:28,2026-09-07 09:30:00,Porlland,Oregon,503,Other,N
2088774178,2026-09-07 12:33:29,2026-09-07 10:32:00,,Idaho,208,"Calls pretending to be government, businesses, or family and friends",Y
4807969188,2026-09-07 12:33:43,2026-09-04 15:28:00,Patient Refused,Arizona,480,Other,Y
,2026-09-07 12:33:45,2026-09-01 10:04:00,Denton,Texas,682,Other,Y
3074019352,2026-09-07 12:33:48,2026-09-04 15:39:00,New Castle,Indiana,765,Other,N
7748010662,2026-09-07 12:35:00,2026-09-07 09:00:00,,Tennessee,615,"Reducing your debt (credit cards, mortgage, student loans)",Y
9172107701,2026-09-07 12:35:18,2026-09-07 14:00:00,Womelsdorf,Pennsylvania,484,Other,Y
2068990179,2026-09-07 12:35:20,2026-09-07 09:32:00,Puyallup,Washington,253,Home improvement  & cleaning,N
8148132079,2026-09-07 12:35:21,2026-09-07 12:34:00,Girard,Pennsylvania,814,Other,Y
,2026-09-07 12:35:26,2026-08-31 14:59:00,Denton,Texas,682,Other,Y
8665540566,2026-09-07 12:35:29,2026-09-04 15:31:00,Patient Refused,Arizona,480,Other,Y
5622598786,2026-09-07 12:35:38,2026-09-07 09:27:00,Long beach,California,562,Dropped call or no message,N
7653559141,2026-09-07 12:35:38,2026-09-04 12:30:00,New Castle,Indiana,765,Other,N
6193565480,2026-09-07 12:35:40,2026-09-07 13:30:00,San Diego,California,619,Vacation  & timeshares,N
8447572240,2026-09-07 12:36:15,2026-09-07 12:29:00,Tampa,Florida,813,Other,Y
7073788359,2026-09-07 12:36:30,2026-09-07 08:04:00,Vallejo,California,707,Warranties  & protection plans,Y
5028755333,2026-09-07 12:36:35,2026-08-31 14:30:00,Bedford,Kentucky,502,"Calls pretending to be government, businesses, or family and friends",N
8583938565,2026-09-07 12:36:50,2026-09-03 18:48:00,Patient Refused,Arizona,480,Other,Y
8335774151,2026-09-07 12:37:39,2026-09-07 09:31:00,San Diego,California,619,Other,Y
7653559069,2026-09-07 12:37:39,2026-09-03 00:00:00,New Castle,Indiana,765,Other,N
5022612660,2026-09-07 12:37:51,2026-08-31 15:30:00,Bedford,Kentucky,502,"Calls pretending to be government, businesses, or family and friends",N
6038027650,2026-09-07 12:38:19,2026-09-07 12:32:00,Milton,New Hampshire,603,Dropped call or no message,Y
6163851113,2026-09-07 12:38:25,2026-09-03 00:00:00,New Castle,Indiana,765,Other,N
9802397189,2026-09-07 12:38:57,2026-09-07 12:30:00,Lincolnton,North Carolina,980,Other,N
8447813666,2026-09-07 12:39:19,2026-09-07 06:40:00,Patient Refused,Arizona,480,Other,Y
7653249795,2026-09-07 12:39:20,2026-09-03 11:51:00,New Castle,Indiana,765,Other,N
2704354266,2026-09-07 12:39:23,2026-09-05 12:12:00,Bedford,Kentucky,502,"Calls pretending to be government, businesses, or family and friends",N
9287989795,2026-09-07 12:39:53,2026-09-07 09:36:00,Hanford,California,559,Other,Y
7653559129,2026-09-07 12:40:10,2026-09-03 11:18:00,New Castle,Indiana,765,Other,N
2178349513,2026-09-07 12:40:25,2026-09-07 09:30:00,Patient Refused,Arizona,480,Other,Y
8665565348,2026-09-07 12:40:26,2026-09-01 15:49:00,Mountain Home,Idaho,208,Other,Y
7653555224,2026-09-07 12:40:52,2026-09-03 11:17:00,New Castle,Indiana,765,Other,N
3134374788,2026-09-07 12:40:54,2026-09-04 18:45:00,Bedford,Kentucky,502,"Calls pretending to be government, businesses, or family and friends",N
9046171892,2026-09-07 12:41:29,2026-09-07 12:39:00,Pawlet,Vermont,802,Other,N
7653559101,2026-09-07 12:41:40,2026-09-03 10:40:00,New Castle,Indiana,765,Other,N
9402532483,2026-09-07 12:41:58,2026-09-04 14:38:00,Drayden,Maryland,240,"Reducing your debt (credit cards, mortgage, student loans)",Y
8503670761,2026-09-07 12:42:00,2026-09-07 00:00:00,,Florida,850,Other,Y
3177230466,2026-09-07 12:42:04,2026-09-07 12:41:00,Simpsonville,South Carolina,317,"Reducing your debt (credit cards, mortgage, student loans)",N
3093129642,2026-09-07 12:42:13,2026-09-07 09:30:00,Patient Refused,Arizona,480,Other,Y
8557654851,2026-09-07 12:42:16,2026-09-07 10:43:00,Jefferson City,Missouri,928,Other,Y
6823828970,2026-09-07 12:42:17,2026-09-06 19:44:00,FORT WORTH,Texas,682,Dropped call or no message,N
7653559074,2026-09-07 12:42:26,2026-09-02 18:18:00,New Castle,Indiana,765,Other,N
8555560691,2026-09-07 12:42:35,2026-09-01 15:49:00,Mountain Home,Idaho,208,Other,Y
2317155490,2026-09-07 12:42:36,2026-09-07 10:33:00,Kalkaska,Michigan,231,"Calls pretending to be government, businesses, or family and friends",Y
7432868134,2026-09-07 12:42:38,2026-09-05 10:54:00,Drayden,Maryland,240,"Reducing your debt (credit cards, mortgage, student loans)",Y
8505997768,2026-09-07 12:42:42,2026-09-07 10:53:00,,Florida,850,Dropped call or no message,Y
3174638277,2026-09-07 12:42:59,2026-09-07 10:02:00,Simpsonville,South Carolina,317,"Reducing your debt (credit cards, mortgage, student loans)",N
4435810593,2026-09-07 12:43:10,2026-09-05 11:43:00,Drayden,Maryland,240,"Reducing your debt (credit cards, mortgage, student loans)",Y
5029049793,2026-09-07 12:43:10,2026-08-31 15:00:00,Bedford,Kentucky,502,Warranties  & protection plans,N
9042274234,2026-09-07 12:43:22,2026-09-07 16:08:00,,Georgia,912,Other,N
6802189623,2026-09-07 12:43:41,2026-09-05 00:00:00,Drayden,Maryland,240,"Reducing your debt (credit cards, mortgage, student loans)",Y
3178278560,2026-09-07 12:43:52,2026-09-05 13:44:00,Simpsonville,South Carolina,317,"Reducing your debt (credit cards, mortgage, student loans)",N
8777203956,2026-09-07 12:44:03,2026-09-07 12:34:00,Greenville,South Carolina,864,"Reducing your debt (credit cards, mortgage, student loans)",
6822233379,2026-09-07 12:44:14,2026-09-06 14:31:00,FORT WORTH,Texas,682,Other,N
5026594840,2026-09-07 12:44:16,2026-09-06 12:51:00,Drayden,Maryland,240,"Reducing your debt (credit cards, mortgage, student loans)",Y
5026179368,2026-09-07 12:44:27,2026-08-31 14:10:00,Bedford,Kentucky,502,"Calls pretending to be government, businesses, or family and friends",N
8504685908,2026-09-07 12:44:50,2026-09-06 15:20:00,Drayden,Maryland,240,"Reducing your debt (credit cards, mortgage, student loans)",Y
8327378608,2026-09-07 12:45:07,2026-09-07 09:40:00,Gold Canyon,Arizona,480,"Calls pretending to be government, businesses, or family and friends",Y
4182310121,2026-09-07 12:45:08,2026-09-07 12:43:00,,New York,845,"Reducing your debt (credit cards, mortgage, student loans)",Y
8665547220,2026-09-07 12:45:36,2026-09-07 06:30:00,,California,818,"Reducing your debt (credit cards, mortgage, student loans)",Y
4707429906,2026-09-07 12:45:48,2026-09-07 11:42:00,,Louisiana,318,"Reducing your debt (credit cards, mortgage, student loans)",Y
6823828977,2026-09-07 12:46:11,2026-09-05 18:27:00,FORT WORTH,Texas,682,Other,N
5028758365,2026-09-07 12:46:18,2026-08-31 16:04:00,Bedford,Kentucky,502,"Calls pretending to be government, businesses, or family and friends",N
9046171971,2026-09-07 12:46:19,2026-09-07 00:38:00,Pawlet,Vermont,518,Other,N
5407730424,2026-09-07 12:46:45,2026-09-07 11:45:00,Lodi,Illinois,630,"Reducing your debt (credit cards, mortgage, student loans)",Y
8336461486,2026-09-07 12:46:47,2026-09-07 12:45:00,,Virginia,804,"Reducing your debt (credit cards, mortgage, student loans)",Y
4707908951,2026-09-07 12:46:56,2026-09-07 12:14:00,Atlanta,Georgia,470,Other,Y
6822144581,2026-09-07 12:47:27,2026-09-05 00:00:00,FORT WORTH,Texas,682,Other,N
2047652428,2026-09-07 12:47:46,2026-09-03 09:04:00,Falls Church,Virginia,703,"Reducing your debt (credit cards, mortgage, student loans)",Y
8565441277,2026-09-07 12:47:47,2026-09-07 09:54:00,Atlanta,Georgia,470,Other,Y
5024930870,2026-09-07 12:47:54,2026-08-31 16:14:00,Bedford,Kentucky,502,"Calls pretending to be government, businesses, or family and friends",N
9894870157,2026-09-07 12:48:13,2026-09-07 07:07:00,Broomfield,Colorado,805,"Reducing your debt (credit cards, mortgage, student loans)",N
6823828980,2026-09-07 12:48:14,2026-09-05 14:25:00,FORT WORTH,Texas,682,No Subject Provided,N
8337753768,2026-09-07 12:48:19,2026-09-07 12:45:00,ORLANDO,Florida,407,"Reducing your debt (credit cards, mortgage, student loans)",Y
8778823892,2026-09-07 12:48:26,2026-09-07 09:23:00,KINGSPORT,Tennessee,423,"Reducing your debt (credit cards, mortgage, student loans)",Y
8883552143,2026-09-07 12:48:55,2026-09-03 20:02:00,Falls Church,Virginia,703,"Reducing your debt (credit cards, mortgage, student loans)",Y
5414071101,2026-09-07 12:48:57,2026-09-07 09:43:00,PORTLAND,Oregon,503,Home improvement  & cleaning,N
5012896306,2026-09-07 12:48:58,2026-09-07 11:24:00,Fort Worth,Texas,682,Vacation  & timeshares,Y
3527481749,2026-09-07 12:49:01,2026-09-07 12:43:00,Micanopy,Florida,352,Other,Y
7135878428,2026-09-07 12:49:27,2026-09-07 11:47:00,,Texas,713,Other,N
4502752701,2026-09-07 12:49:44,2026-09-04 11:03:00,Falls Church,Virginia,703,"Reducing your debt (credit cards, mortgage, student loans)",Y
9049063446,2026-09-07 12:49:51,2026-09-03 13:46:00,Jacksonville,Florida,904,Other,Y
5158335407,2026-09-07 12:49:53,2026-09-07 11:46:00,,Iowa,515,Other,Y
2178349513,2026-09-07 12:50:04,2026-09-07 15:30:00,,Illinois,773,Other,Y
8813408698,2026-09-07 12:50:23,2026-09-07 12:48:00,,New Jersey,201,"Reducing your debt (credit cards, mortgage, student loans)",Y
5023130949,2026-09-07 12:50:25,2026-09-01 11:30:00,Bedford,Kentucky,502,"Calls pretending to be government, businesses, or family and friends",N
7978788807,2026-09-07 12:50:39,2026-09-06 13:39:00,,California,707,"Reducing your debt (credit cards, mortgage, student loans)",Y
5024800648,2026-09-07 12:50:50,2026-09-03 10:32:00,Jacksonville,Florida,904,Other,Y
,2026-09-07 12:50:58,2026-09-07 00:00:00,,Alabama,205,"Reducing your debt (credit cards, mortgage, student loans)",Y
8665547920,2026-09-07 12:51:03,2026-09-04 19:45:00,Falls Church,Virginia,703,"Reducing your debt (credit cards, mortgage, student loans)",Y
4252876456,2026-09-07 12:51:06,2026-09-04 15:31:00,Kent,Washington,425,Other,Y
7074086590,2026-09-07 12:51:14,2026-09-07 11:47:00,Chicago,Illinois,847,Other,Y
8008405375,2026-09-07 12:51:17,2026-09-07 12:35:00,Seymour,Tennessee,865,Warranties  & protection plans,Y
4256484024,2026-09-07 12:51:48,2026-09-04 15:32:00,Kent,Washington,425,Other,Y
5028821872,2026-09-07 12:51:51,2026-09-01 15:45:00,Bedford,Kentucky,502,"Calls pretending to be government, businesses, or family and friends",N
8593994401,2026-09-07 12:52:14,2026-09-06 12:00:00,Clinton,Pennsylvania,317,"Calls pretending to be government, businesses, or family and friends",N
5024625197,2026-09-07 12:52:33,2026-08-31 10:12:00,Jacksonville,Florida,904,Other,Y
4255192969,2026-09-07 12:52:48,2026-09-04 15:59:00,Kent,Washington,425,Other,Y
5023244161,2026-09-07 12:53:01,2026-09-01 13:27:00,Bedford,Kentucky,502,"Calls pretending to be government, businesses, or family and friends",N
5023346054,2026-09-07 12:53:33,2026-08-28 09:20:00,Jacksonville,Florida,904,Other,Y
2178349513,2026-09-07 12:53:56,2026-09-07 13:44:00,Clovis,California,559,"Reducing your debt (credit cards, mortgage, student loans)",Y
,2026-09-07 12:54:18,2026-09-07 00:00:00,,Texas,817,Dropped call or no message,Y
5022902401,2026-09-07 12:54:22,2026-09-01 17:02:00,Bedford,Kentucky,502,"Calls pretending to be government, businesses, or family and friends",N
2288714952,2026-09-07 12:54:40,2026-09-07 11:51:00,,Mississippi,228,Other,Y
8174545752,2026-09-07 12:54:56,2026-09-06 00:00:00,Granbury,Texas,817,Dropped call or no message,Y
5024623028,2026-09-07 12:54:58,2026-08-27 10:17:00,Jacksonville,Florida,904,Other,Y
9542365555,2026-09-07 12:54:58,2026-09-07 12:15:00,FORT LAUDERDALE,Florida,954,"Reducing your debt (credit cards, mortgage, student loans)",Y
8778839035,2026-09-07 12:55:06,2026-09-07 12:25:00,Glen Rock,New Jersey,201,"Reducing your debt (credit cards, mortgage, student loans)",Y
5147190545,2026-09-07 12:55:08,2026-09-07 12:43:00,,Connecticut,860,"Reducing your debt (credit cards, mortgage, student loans)",N
5024628144,2026-09-07 12:55:56,2026-08-26 09:14:00,Jacksonville,Florida,904,Other,Y
8449275740,2026-09-07 12:55:59,2026-09-07 11:48:00,Chicago,Illinois,773,Other,Y
5023157574,2026-09-07 12:56:02,2026-09-01 17:15:00,Bedford,Kentucky,502,"Calls pretending to be government, businesses, or family and friends",N
9133480512,2026-09-07 12:56:18,2026-09-07 15:45:00,,Kansas,913,Charities,Y
8568065209,2026-09-07 12:56:23,2026-09-07 12:46:00,,Michigan,586,"Reducing your debt (credit cards, mortgage, student loans)",Y
8006111911,2026-09-07 12:56:27,2026-09-07 09:45:00,San Jose,California,408,Other,Y
6098301766,2026-09-07 12:56:35,2026-09-07 11:42:00,ROLLING PRAIRIE,Indiana,815,"Reducing your debt (credit cards, mortgage, student loans)",Y
4188914446,2026-09-07 12:56:42,2026-08-25 06:04:00,Jacksonville,Florida,904,Other,Y
5028823274,2026-09-07 12:57:08,2026-09-01 17:56:00,Bedford,Kentucky,502,Warranties  & protection plans,N
6418021768,2026-09-07 12:57:17,2026-08-02 14:55:00,Boswell,Oklahoma,641,Other,Y
9895786962,2026-09-07 12:57:17,2026-09-07 09:16:00,ROLLING PRAIRIE,Illinois,815,"Reducing your debt (credit cards, mortgage, student loans)",Y
3093129642,2026-09-07 12:57:35,2026-09-04 20:15:00,,Michigan,616,"Reducing your debt (credit cards, mortgage, student loans)",Y
5129004370,2026-09-07 12:57:39,2026-09-04 17:03:00,Washington,District of Columbia,404,"Reducing your debt (credit cards, mortgage, student loans)",Y
6187649030,2026-09-07 12:58:26,2026-09-07 00:00:00,Belleville,Illinois,618,Other,N
5407730397,2026-09-07 12:58:28,2026-09-04 16:52:00,ROLLING PRAIRIE,Illinois,815,"Reducing your debt (credit cards, mortgage, student loans)",Y
4172909274,2026-09-07 12:58:42,2026-09-07 00:00:00,Spring,Texas,440,Other,N
7156001208,2026-09-07 12:59:07,2026-09-07 11:53:00,marinette,Wisconsin,715,Other,Y
4804200776,2026-09-07 12:59:18,2026-09-07 12:47:00,Locust grove,Georgia,770,Other,N
7089339813,2026-09-07 12:59:22,2026-09-04 16:42:00,ROLLING PRAIRIE,Illinois,815,"Reducing your debt (credit cards, mortgage, student loans)",Y
7064199690,2026-09-07 12:59:51,2026-09-07 12:53:00,Hephzibah,Georgia,706,Dropped call or no message,Y
6085343188,2026-09-07 12:59:53,2026-09-07 11:32:00,Montello,Wisconsin,608,Dropped call or no message,Y
4708098521,2026-09-07 13:00:16,2026-09-04 16:38:00,ROLLING PRAIRIE,Illinois,815,"Reducing your debt (credit cards, mortgage, student loans)",Y
8889120671,2026-09-07 13:00:43,2026-09-07 12:52:00,Fenton,Michigan,810,"Reducing your debt (credit cards, mortgage, student loans)",Y
7318598025,2026-09-07 13:01:03,2026-08-25 08:25:00,Jacksonville,Florida,904,Other,Y
8333031666,2026-09-07 13:01:03,2026-08-31 19:38:00,,California,559,"Reducing your debt (credit cards, mortgage, student loans)",Y
2049202083,2026-09-07 13:01:10,2026-09-07 09:51:00,,California,310,"Reducing your debt (credit cards, mortgage, student loans)",Y
2268776728,2026-09-07 13:01:49,2026-09-07 12:59:00,Newland,North Carolina,828,"Reducing your debt (credit cards, mortgage, student loans)",Y
7722517793,2026-09-07 13:01:52,2026-09-04 13:48:00,ROLLING PRAIRIE,Illinois,815,"Reducing your debt (credit cards, mortgage, student loans)",Y
8778914337,2026-09-07 13:02:02,2026-09-07 09:12:00,Simi Valley,California,805,Other,Y
2109537905,2026-09-07 13:02:09,2026-08-17 16:12:00,,Texas,210,Dropped call or no message,N
2508987545,2026-09-07 13:02:23,2026-08-25 13:13:00,Jacksonville,Florida,904,Other,Y
9035021504,2026-09-07 13:02:46,2026-09-04 13:29:00,ROLLING PRAIRIE,Illinois,815,"Reducing your debt (credit cards, mortgage, student loans)",Y
9284139305,2026-09-07 13:02:54,2026-09-07 16:33:00,Taylor,Michigan,770,Other,Y
4055768958,2026-09-07 13:03:02,2026-09-05 12:01:00,Oklahoma City,Oklahoma,405,Other,Y
2178349513,2026-09-07 13:03:06,2026-09-07 12:00:00,Royal Oaks,California,831,Other,Y
5024625121,2026-09-07 13:03:24,2026-08-25 11:44:00,Jacksonville,Florida,904,Other,Y
2024386897,2026-09-07 13:03:28,2026-09-04 14:59:00,Mooresville,North Carolina,202,Other,Y
5122162267,2026-09-07 13:03:42,2026-09-07 12:02:00,Round Rock,Texas,512,Other,Y
7747681327,2026-09-07 13:03:47,2026-09-04 08:48:00,ROLLING PRAIRIE,Illinois,815,"Reducing your debt (credit cards, mortgage, student loans)",Y
4055626520,2026-09-07 13:03:59,2026-09-07 10:57:00,Oklahoma City,Oklahoma,405,Home security  & alarms,Y
8564071555,2026-09-07 13:04:10,2026-09-07 11:59:00,Milton,Florida,504,"Reducing your debt (credit cards, mortgage, student loans)",Y
2504890247,2026-09-07 13:04:14,2026-08-25 11:43:00,Jacksonville,Florida,904,Other,Y
7174201711,2026-09-07 13:04:22,2026-09-07 12:46:00,Liberty Township,Ohio,206,Other,Y
8337461486,2026-09-07 13:04:36,2026-09-07 12:45:00,Doylestown,Pennsylvania,908,Other,N
8339788081,2026-09-07 13:04:36,2026-09-05 13:33:00,Newland,North Carolina,828,"Reducing your debt (credit cards, mortgage, student loans)",Y
5147865745,2026-09-07 13:05:09,2026-08-24 16:46:00,Jacksonville,Florida,904,Other,Y
8337113940,2026-09-07 13:05:17,2026-09-07 11:10:00,Willowbrook,Illinois,630,Warranties  & protection plans,Y
2165103002,2026-09-07 13:05:53,2026-08-31 20:59:00,North Port,Florida,941,"Reducing your debt (credit cards, mortgage, student loans)",N
8176316181,2026-09-07 13:05:57,2026-09-07 11:59:00,Round Rock,Texas,512,Home improvement  & cleaning,N
7054679223,2026-09-07 13:06:02,2026-09-07 13:04:00,Waycross,Georgia,912,"Calls pretending to be government, businesses, or family and friends",N
6139311997,2026-09-07 13:06:04,2026-08-24 12:50:00,Jacksonville,Florida,904,Other,Y
9049158091,2026-09-07 13:06:34,2026-09-07 00:00:00,,Illinois,815,No Subject Provided,
8339079017,2026-09-07 13:06:36,2026-09-07 09:06:00,Willowbrook,Illinois,630,Warranties  & protection plans,N
5148850549,2026-09-07 13:07:08,2026-08-24 09:05:00,Jacksonville,Florida,904,Other,Y
5874865892,2026-09-07 13:08:01,2026-08-23 11:04:00,Jacksonville,Florida,904,Other,Y
9852837535,2026-09-07 13:08:21,2026-09-07 11:53:00,,Louisiana,985,Dropped call or no message,Y
6038379611,2026-09-07 13:08:34,2026-09-07 13:01:00,Milton,New Hampshire,603,Dropped call or no message,Y
7803509955,2026-09-07 13:08:45,2026-08-22 14:56:00,Jacksonville,Florida,904,Other,Y
8889120671,2026-09-07 13:08:58,2026-09-07 16:56:00,Melbourne,Florida,321,"Reducing your debt (credit cards, mortgage, student loans)",Y
5743313279,2026-09-07 13:09:05,2026-09-07 13:08:00,Osecola,Indiana,574,No Subject Provided,N
8447814207,2026-09-07 13:09:23,2026-09-07 08:19:00,,Texas,562,"Reducing your debt (credit cards, mortgage, student loans)",Y
8883409060,2026-09-07 13:09:30,2026-09-07 13:08:00,,New Jersey,856,"Reducing your debt (credit cards, mortgage, student loans)",Y
8555647130,2026-09-07 13:09:38,2026-09-07 11:47:00,Monroe Twp.,New Jersey,732,"Reducing your debt (credit cards, mortgage, student loans)",Y
,2026-09-07 13:09:44,2026-09-07 13:00:00,,North Carolina,704,"Reducing your debt (credit cards, mortgage, student loans)",Y
8665567367,2026-09-07 13:09:48,2026-09-07 11:50:00,Tinley Park,Illinois,404,"Reducing your debt (credit cards, mortgage, student loans)",Y
3135487008,2026-09-07 13:09:53,2026-09-07 13:03:00,Kalkaska,Michigan,231,Home security  & alarms,N
6232873670,2026-09-07 13:10:13,2026-09-07 10:08:00,Peoria,Arizona,623,"Reducing your debt (credit cards, mortgage, student loans)",N
8883409060,2026-09-07 13:10:27,2026-09-07 13:09:00,Washington,District of Columbia,703,"Reducing your debt (credit cards, mortgage, student loans)",N
44,2026-09-07 13:10:40,2022-12-09 12:00:00,Almendralejo,,445,"Calls pretending to be government, businesses, or family and friends",Y
8555649065,2026-09-07 13:11:19,2026-09-02 09:09:00,Mountain Home,Idaho,208,Other,Y
8665546112,2026-09-07 13:12:22,2026-09-07 06:35:00,,Idaho,208,"Reducing your debt (credit cards, mortgage, student loans)",Y
8883558298,2026-09-07 13:12:41,2026-09-05 21:31:00,,Virginia,804,"Reducing your debt (credit cards, mortgage, student loans)",Y
8046807066,2026-09-07 13:12:53,2026-09-07 08:51:00,,California,626,Other,Y
4804809412,2026-09-07 13:13:26,2026-09-04 16:47:00,,Arizona,480,No Subject Provided,Y
8888600052,2026-09-07 13:13:26,2026-09-07 11:54:00,San Antonio,Texas,980,Warranties  & protection plans,N
9377956986,2026-09-07 13:13:31,2026-09-07 04:30:00,CANTON,Ohio,330,Other,Y
3124233032,2026-09-07 13:13:36,2026-09-07 11:52:00,Libertyville,Illinois,312,Other,N
8558011525,2026-09-07 13:14:02,2026-09-07 12:20:00,,Virginia,804,"Reducing your debt (credit cards, mortgage, student loans)",Y
,2026-09-07 13:14:19,2026-09-07 10:11:00,,Oregon,541,Other,N
6022626251,2026-09-07 13:14:32,2026-09-04 11:28:00,,Arizona,480,No Subject Provided,Y
2043878830,2026-09-07 13:14:49,2026-09-05 13:46:00,,Idaho,208,"Reducing your debt (credit cards, mortgage, student loans)",Y
8556095395,2026-09-07 13:14:56,2026-09-07 10:03:00,,California,626,Other,Y
8564070905,2026-09-07 13:15:07,2026-09-07 11:27:00,,Oklahoma,405,"Calls pretending to be government, businesses, or family and friends",Y
2392519246,2026-09-07 13:15:12,2026-09-07 10:03:00,Libertyville,Illinois,312,Other,N
4804805296,2026-09-07 13:15:37,2026-09-04 11:04:00,,Arizona,480,No Subject Provided,Y
3866660147,2026-09-07 13:15:47,2026-09-07 10:12:00,Yuma,Arizona,619,Other,Y
8565308896,2026-09-07 13:16:18,2026-09-03 00:00:00,,Utah,801,Other,Y
3527793050,2026-09-07 13:16:28,2026-08-30 12:00:00,Melbourne,Florida,321,"Calls pretending to be government, businesses, or family and friends",N
8446422439,2026-09-07 13:17:17,2026-09-07 13:15:00,,Kentucky,606,"Reducing your debt (credit cards, mortgage, student loans)",Y
8559077691,2026-09-07 13:17:36,2026-08-20 08:08:00,Ladysmith,Wisconsin,715,Other,Y
7163010062,2026-09-07 13:17:51,2026-09-06 12:55:00,Cheektowaga,New York,716,Dropped call or no message,N
5205365909,2026-09-07 13:17:52,2026-09-07 00:00:00,Queen Creek,Arizona,520,Other,Y
,2026-09-07 13:17:52,2026-09-07 17:10:00,North Royalton,Ohio,330,Other,N
7744790742,2026-09-07 13:17:59,2026-09-07 11:12:00,Alta,Utah,774,Other,Y
5512617446,2026-09-07 13:18:01,2026-09-07 10:20:00,Valparaiso,Indiana,219,Dropped call or no message,N
5622611138,2026-09-07 13:18:07,2026-09-07 10:00:00,Valencia,California,949,Home improvement  & cleaning,N
3172419780,2026-09-07 13:18:11,2026-09-03 12:00:00,Tustina,California,408,"Calls pretending to be government, businesses, or family and friends",Y
6464099951,2026-09-07 13:18:11,2026-09-07 09:54:00,,California,650,Dropped call or no message,Y
4234664896,2026-09-07 13:18:37,2026-09-07 12:37:00,,Tennessee,423,Dropped call or no message,Y
6305349807,2026-09-07 13:19:23,2026-09-07 12:12:00,,Illinois,630,Dropped call or no message,Y
6094223059,2026-09-07 13:20:27,2026-09-07 10:14:00,Mesa,Arizona,602,Other,Y
7674426777,2026-09-07 13:20:35,2026-09-07 12:12:00,marinette,Wisconsin,715,Other,N
8057513750,2026-09-07 13:20:37,2026-09-05 20:50:00,San Diego,California,817,"Calls pretending to be government, businesses, or family and friends",N
5677997186,2026-09-07 13:21:36,2026-09-06 13:09:00,,New Jersey,201,"Reducing your debt (credit cards, mortgage, student loans)",Y
8335774151,2026-09-07 13:21:43,2026-09-07 09:29:00,,California,619,"Reducing your debt (credit cards, mortgage, student loans)",Y
7754381723,2026-09-07 13:21:53,2026-09-07 10:14:00,Mesa,Arizona,602,Other,Y
7058691792,2026-09-07 13:22:36,2026-09-07 13:17:00,,New Jersey,201,Other,N
2265829627,2026-09-07 13:22:44,2026-09-07 00:00:00,,Illinois,815,No Subject Provided,Y
5035494880,2026-09-07 13:22:45,2026-09-07 09:15:00,Eagle Creek,Oregon,503,Home improvement  & cleaning,N
4452480168,2026-09-07 13:23:09,2026-09-07 12:22:00,Pedricktown,New Jersey,856,Other,Y
9729448726,2026-09-07 13:23:11,2026-09-07 14:07:00,Garland,Texas,972,Other,Y
2178349513,2026-09-07 13:23:51,2026-09-07 16:14:00,Burlington,Illinois,847,"Reducing your debt (credit cards, mortgage, student loans)",N
8889120671,2026-09-07 13:23:55,2026-09-07 00:00:00,,Illinois,815,No Subject Provided,Y
7602590382,2026-09-07 13:24:09,2026-09-02 18:30:00,,California,760,Other,N
8884620057,2026-09-07 13:25:27,2026-09-07 12:18:00,Sioux Falls,South Dakota,888,Other,Y
8665547646,2026-09-07 13:25:37,2026-09-07 12:42:00,Sarasota,Florida,941,"Reducing your debt (credit cards, mortgage, student loans)",Y
2899739481,2026-09-07 13:27:39,2026-09-07 13:25:00,Sarasota,Florida,941,Other,Y
8136053142,2026-09-07 13:27:50,2026-09-07 13:26:00,,Florida,813,"Calls pretending to be government, businesses, or family and friends",Y
5407730424,2026-09-07 13:28:00,2026-09-07 11:43:00,,Tennessee,901,Other,Y
7079799016,2026-09-07 13:28:01,2026-09-04 09:50:00,,California,707,No Subject Provided,Y
4162784831,2026-09-07 13:28:13,2026-09-07 12:15:00,Woodstock,Illinois,815,"Reducing your debt (credit cards, mortgage, student loans)",N
,2026-09-07 13:28:37,2026-09-07 12:25:00,,Tennessee,731,Other,Y
,2026-09-07 13:28:45,2026-09-07 13:17:00,Greenfield,Indiana,317,Other,Y
8777203850,2026-09-07 13:28:46,2026-09-02 10:32:00,Mountain Home,Idaho,208,Other,Y
9177799510,2026-09-07 13:29:12,2026-09-07 13:04:00,,New York,212,"Calls pretending to be government, businesses, or family and friends",Y
8134404695,2026-09-07 13:29:35,2026-09-07 10:37:00,,Florida,813,"Calls pretending to be government, businesses, or family and friends",Y
,2026-09-07 13:30:49,2026-09-07 00:00:00,,California,323,"Reducing your debt (credit cards, mortgage, student loans)",Y
4403688693,2026-09-07 13:31:40,2026-09-07 13:22:00,Lorain,Ohio,440,Other,N
6578425929,2026-09-07 13:31:50,2026-09-07 12:25:00,Evergreen Park,Illinois,708,Dropped call or no message,N
,2026-09-07 13:31:59,2026-09-07 00:00:00,Greenfield,Indiana,317,Other,
4752943676,2026-09-07 13:32:20,2026-09-07 11:00:00,Lake Charles,Louisiana,203,Warranties  & protection plans,Y
8335922876,2026-09-07 13:32:23,2026-09-04 18:45:00,McCormick,South Carolina,603,"Reducing your debt (credit cards, mortgage, student loans)",Y
9143929299,2026-09-07 13:32:42,2026-09-07 12:30:00,Montello,Wisconsin,608,Dropped call or no message,Y
7203834446,2026-09-07 13:33:07,2026-09-07 12:02:00,Evergreen Park,Illinois,708,Dropped call or no message,N
8002408151,2026-09-07 13:34:09,2026-09-07 08:06:00,Evergreen Park,Illinois,708,Dropped call or no message,N
6786699053,2026-09-07 13:34:25,2026-09-07 13:32:00,Monroe,Georgia,678,Other,N
8889120671,2026-09-07 13:34:55,2026-09-07 05:00:00,,Illinois,815,"Reducing your debt (credit cards, mortgage, student loans)",Y
2123004752,2026-09-07 13:35:07,2026-09-07 13:31:00,,New York,212,No Subject Provided,
8002408151,2026-09-07 13:35:08,2026-09-06 08:15:00,Evergreen Park,Illinois,708,Dropped call or no message,N
3024872952,2026-09-07 13:35:23,2026-09-04 19:53:00,Mooreland,Oklahoma,580,Other,Y
7786479350,2026-09-07 13:35:31,2026-09-07 00:00:00,Vista,California,760,Other,Y
7032782518,2026-09-07 13:35:52,2026-09-04 12:20:00,,New York,212,No Subject Provided,
9712894224,2026-09-07 13:35:56,2026-08-31 18:13:00,Forest Grove,Oregon,503,Home improvement  & cleaning,N
8336726164,2026-09-07 13:36:22,2026-09-07 13:28:00,,Kentucky,606,"Reducing your debt (credit cards, mortgage, student loans)",Y
7376888995,2026-09-07 13:36:23,2026-09-05 15:21:00,Evergreen Park,Illinois,708,Dropped call or no message,N
7752424129,2026-09-07 13:36:38,2026-09-07 10:05:00,Sparks,Nevada,775,Vacation  & timeshares,N
7203834446,2026-09-07 13:37:15,2026-09-05 13:37:00,Evergreen Park,Illinois,708,Dropped call or no message,N
8665562449,2026-09-07 13:37:34,2026-09-07 00:00:00,,Arizona,623,"Reducing your debt (credit cards, mortgage, student loans)",Y
3127611985,2026-09-07 13:38:10,2026-09-05 13:20:00,Evergreen Park,Illinois,708,Dropped call or no message,N
6147080415,2026-09-07 13:38:12,2026-09-07 13:35:00,Columbus,Ohio,614,Dropped call or no message,Y
5206998507,2026-09-07 13:38:19,2026-09-07 08:31:00,Colorado Springs,Colorado,414,"Reducing your debt (credit cards, mortgage, student loans)",Y
4167856457,2026-09-07 13:38:34,2026-09-07 12:45:00,Battle Creek,Michigan,517,"Reducing your debt (credit cards, mortgage, student loans)",Y
7786165704,2026-09-07 13:38:41,2026-09-07 10:31:00,Henderson,Nevada,702,Other,Y
,2026-09-07 13:38:51,2026-09-03 04:37:00,Mooreland,Oklahoma,580,Other,Y
4355999859,2026-09-07 13:39:01,2026-09-05 13:02:00,Evergreen Park,Illinois,708,Other,N
6143978776,2026-09-07 13:39:03,2026-09-03 13:49:00,Columbus,Ohio,614,Dropped call or no message,Y
8665543094,2026-09-07 13:39:19,2026-09-07 11:33:00,Tuscaloosa,Alabama,205,"Calls pretending to be government, businesses, or family and friends",Y
6572201237,2026-09-07 13:39:23,2026-09-07 10:24:00,Yuma,Arizona,619,Other,Y
8152424045,2026-09-07 13:39:56,2026-09-05 12:57:00,Evergreen Park,Illinois,708,Other,N
6149248796,2026-09-07 13:40:03,2026-09-07 09:27:00,Columbus,Ohio,614,Dropped call or no message,Y
4344818506,2026-09-07 13:40:07,2026-09-07 09:49:00,Colorado Springs,Wisconsin,414,"Reducing your debt (credit cards, mortgage, student loans)",Y
5802023307,2026-09-07 13:40:35,2026-09-04 15:04:00,,New Jersey,732,Warranties  & protection plans,Y
7203834446,2026-09-07 13:40:53,2026-09-05 10:09:00,Evergreen Park,Illinois,708,Other,N
3065153551,2026-09-07 13:41:13,2026-09-07 13:38:00,,Tennessee,423,Other,Y
4036878493,2026-09-07 13:41:29,2026-09-07 13:00:00,,Arizona,520,"Reducing your debt (credit cards, mortgage, student loans)",Y
6575668582,2026-09-07 13:41:31,2026-09-07 09:18:00,La Palma,California,714,No Subject Provided,Y
9202985225,2026-09-07 13:41:37,2026-09-07 09:52:00,,New Jersey,732,Warranties  & protection plans,Y
8002408151,2026-09-07 13:41:45,2026-09-05 08:24:00,Evergreen Park,Illinois,708,Other,N
5623749466,2026-09-07 13:42:44,2026-09-07 10:34:00,Palm Desert,California,909,Other,N
3127611985,2026-09-07 13:42:46,2026-09-04 17:49:00,Evergreen Park,Illinois,708,Other,N
6822897817,2026-09-07 13:42:51,2026-09-07 10:42:00,Arlington,Texas,682,Other,
7609790825,2026-09-07 13:42:54,2026-09-04 18:31:00,La Palma,California,714,No Subject Provided,Y
9206016506,2026-09-07 13:42:59,2026-09-03 10:46:00,Yulee,Florida,904,"Reducing your debt (credit cards, mortgage, student loans)",Y
5147310110,2026-09-07 13:43:14,2026-09-07 10:39:00,,Washington,425,"Reducing your debt (credit cards, mortgage, student loans)",Y
9035238207,2026-09-07 13:43:14,2026-09-07 07:43:00,,California,209,"Reducing your debt (credit cards, mortgage, student loans)",Y
9492043427,2026-09-07 13:43:32,2026-09-07 10:40:00,"San Diego, Ca",California,619,Other,N
5155299892,2026-09-07 13:43:40,2026-09-04 17:35:00,Evergreen Park,Illinois,708,Other,N
8335924178,2026-09-07 13:43:50,2026-09-07 14:36:00,Parker,Colorado,951,"Reducing your debt (credit cards, mortgage, student loans)",Y
4254352713,2026-09-07 13:44:01,2026-09-07 10:20:00,Woodinville,Washington,425,Other,Y
3513003577,2026-09-07 13:44:03,2026-09-07 13:38:00,Fresh Meadows,New York,718,Dropped call or no message,N
9592338027,2026-09-07 13:44:21,2026-09-03 15:19:00,Yulee,New York,716,"Reducing your debt (credit cards, mortgage, student loans)",Y
6305789127,2026-09-07 13:44:43,2026-09-04 16:56:00,Evergreen Park,Illinois,708,Other,N
8666010276,2026-09-07 13:44:49,2026-09-07 14:31:00,,,866,Other,Y
4804099931,2026-09-07 13:44:52,2026-09-07 10:37:00,Phoenix,Arizona,480,Medical  & prescriptions,Y
,2026-09-07 13:45:08,2026-09-07 12:02:00,Mooreland,Oklahoma,580,Other,Y
4172890010,2026-09-07 13:45:14,2025-08-14 12:00:00,St. Charles,Missouri,314,"Reducing your debt (credit cards, mortgage, student loans)",N
7203834446,2026-09-07 13:45:37,2026-09-04 16:48:00,Evergreen Park,Illinois,708,Other,N
4162316304,2026-09-07 13:45:40,2026-09-03 15:27:00,Yulee,New York,716,"Reducing your debt (credit cards, mortgage, student loans)",Y
8665565911,2026-09-07 13:45:42,2026-09-03 04:02:00,Milford,Michigan,586,"Reducing your debt (credit cards, mortgage, student loans)",Y
8565441857,2026-09-07 13:46:14,2026-09-07 10:44:00,,California,310,"Calls pretending to be government, businesses, or family and friends",Y
2083676030,2026-09-07 13:46:21,2026-09-07 11:42:00,Pocatello,Idaho,208,Home improvement  & cleaning,N
8449277013,2026-09-07 13:46:32,2026-09-03 19:11:00,Milford,Michigan,586,"Reducing your debt (credit cards, mortgage, student loans)",Y
6807867375,2026-09-07 13:46:41,2026-09-04 16:18:00,Evergreen Park,Illinois,708,Other,N
2365391693,2026-09-07 13:47:05,2026-09-07 12:29:00,,Alabama,205,"Reducing your debt (credit cards, mortgage, student loans)",Y
9418996892,2026-09-07 13:47:10,2026-09-07 13:38:00,Sarasota,Florida,941,Other,Y
8444461584,2026-09-07 13:47:22,2026-09-03 17:24:00,Milford,Michigan,586,"Reducing your debt (credit cards, mortgage, student loans)",Y
3863553046,2026-09-07 13:47:31,2026-09-04 11:13:00,Yulee,New York,716,"Reducing your debt (credit cards, mortgage, student loans)",Y
7203834446,2026-09-07 13:47:40,2026-09-04 15:55:00,Evergreen Park,Illinois,708,Other,N
6462875609,2026-09-07 13:47:57,2026-09-07 10:09:00,Ocean Shores,Washington,714,"Calls pretending to be government, businesses, or family and friends",N
8777202989,2026-09-07 13:48:00,2026-09-03 19:37:00,Milford,Michigan,586,"Reducing your debt (credit cards, mortgage, student loans)",Y
4793419543,2026-09-07 13:48:27,2026-09-07 10:46:00,Carlsbad,California,479,"Reducing your debt (credit cards, mortgage, student loans)",Y
8305199936,2026-09-07 13:48:41,2026-09-07 10:38:00,San Marcos,California,858,"Reducing your debt (credit cards, mortgage, student loans)",Y
8335924202,2026-09-07 13:48:43,2026-09-07 13:02:00,Milford,Michigan,586,"Reducing your debt (credit cards, mortgage, student loans)",Y
2132865013,2026-09-07 13:49:02,2026-09-07 04:06:00,,California,415,Other,Y
6316389368,2026-09-07 13:49:16,2026-09-04 17:59:00,Yulee,Florida,904,"Reducing your debt (credit cards, mortgage, student loans)",Y
3128153940,2026-09-07 13:49:22,2026-09-04 09:35:00,Evergreen Park,Illinois,708,Other,N
8336615276,2026-09-07 13:49:34,2026-09-07 10:42:00,Portland,Oregon,503,Other,Y
3158884866,2026-09-07 13:49:38,2026-09-07 08:24:00,Mt Vernon,New York,315,Other,Y
6033996886,2026-09-07 13:49:40,2026-09-07 13:44:00,New Market,New Hampshire,603,Other,Y
,2026-09-07 13:49:40,2026-09-07 13:48:00,,Ohio,330,Other,N
8336727372,2026-09-07 13:49:41,2026-09-04 09:11:00,Milford,Michigan,586,"Reducing your debt (credit cards, mortgage, student loans)",Y
8305199936,2026-09-07 13:50:09,2026-09-07 13:40:00,Patrick Springs,Virginia,276,"Reducing your debt (credit cards, mortgage, student loans)",Y
3127611985,2026-09-07 13:50:16,2026-09-04 08:52:00,Evergreen Park,Illinois,708,Other,N
8447814569,2026-09-07 13:50:22,2026-09-04 13:20:00,Milford,Michigan,586,"Reducing your debt (credit cards, mortgage, student loans)",Y
231936354,2026-09-07 13:50:23,2026-09-07 08:51:00,Naperville,Illinois,630,Other,Y
8677858429,2026-09-07 13:50:30,2026-09-03 15:01:00,Cornville,Arizona,928,"Reducing your debt (credit cards, mortgage, student loans)",Y
,2026-09-07 13:50:40,2026-09-01 10:08:00,Mooreland,Oklahoma,580,Other,Y
9897667660,2026-09-07 13:50:46,2026-09-05 11:16:00,Yulee,New York,716,"Reducing your debt (credit cards, mortgage, student loans)",Y
8555648493,2026-09-07 13:50:55,2026-09-04 17:08:00,Milford,Michigan,586,"Reducing your debt (credit cards, mortgage, student loans)",Y
4582522655,2026-09-07 13:51:04,2026-09-07 10:50:00,Portland,Oregon,503,Home improvement  & cleaning,N
6033339703,2026-09-07 13:51:12,2026-09-07 17:11:00,Manchester,New Hampshire,603,Other,Y
9286669439,2026-09-07 13:51:25,2026-09-07 00:00:00,Naperville,Illinois,630,Other,Y
8336726409,2026-09-07 13:51:34,2026-09-04 19:55:00,Milford,Michigan,586,"Reducing your debt (credit cards, mortgage, student loans)",Y
8336625850,2026-09-07 13:51:47,2026-09-04 15:46:00,Cornville,Arizona,928,"Reducing your debt (credit cards, mortgage, student loans)",Y
3524435719,2026-09-07 13:51:57,2026-09-07 13:49:00,Leesburg,Florida,352,Other,N
2566799461,2026-09-07 13:52:06,2026-09-07 00:00:00,Hunker,Pennsylvania,256,Other,
9363539652,2026-09-07 13:52:17,2026-09-05 11:30:00,Yulee,New York,716,"Reducing your debt (credit cards, mortgage, student loans)",Y
,2026-09-07 13:52:58,2026-09-07 12:35:00,Oconomowoc,Wisconsin,262,Other,Y
3465999650,2026-09-07 13:53:14,2026-09-07 09:39:00,,California,925,No Subject Provided,
9205073376,2026-09-07 13:53:25,2026-09-07 00:00:00,,Wisconsin,262,Home improvement  & cleaning,N
5148091958,2026-09-07 13:53:29,2026-09-07 12:33:00,,Illinois,312,"Reducing your debt (credit cards, mortgage, student loans)",Y
3252224270,2026-09-07 13:53:29,2026-08-21 09:12:00,Fresno,California,559,"Reducing your debt (credit cards, mortgage, student loans)",Y
2673839661,2026-09-07 13:53:40,2026-09-05 12:59:00,Yulee,New York,716,"Reducing your debt (credit cards, mortgage, student loans)",Y
,2026-09-07 13:53:57,2026-09-07 17:09:00,Madison Heights,Michigan,262,Dropped call or no message,N
6038874980,2026-09-07 13:54:05,2026-09-06 00:00:00,New Market,New Hampshire,603,Other,Y
4702040790,2026-09-07 13:54:12,2026-09-07 09:07:00,Roswell,Georgia,678,Other,N
6108865628,2026-09-07 13:54:19,2026-09-07 13:50:00,CONSHOHOCKEN,Pennsylvania,610,Home improvement  & cleaning,N
2172071024,2026-09-07 13:54:26,2026-09-07 10:33:00,Aledo,Illinois,309,Other,Y
8446906537,2026-09-07 13:54:40,2026-09-07 09:26:00,Milford,Michigan,586,"Reducing your debt (credit cards, mortgage, student loans)",Y
8553572026,2026-09-07 13:55:09,2026-09-06 14:31:00,Lexington,North Carolina,336,Other,Y
8635093433,2026-09-07 13:55:11,2026-09-07 13:41:00,,Michigan,734,No Subject Provided,
8778823922,2026-09-07 13:55:16,2026-09-07 11:37:00,Milford,Michigan,586,"Reducing your debt (credit cards, mortgage, student loans)",Y
9205073244,2026-09-07 13:55:33,2026-09-04 00:00:00,,Wisconsin,262,Home improvement  & cleaning,N
8336254034,2026-09-07 13:55:46,2026-09-07 13:49:00,Milford,Michigan,586,"Reducing your debt (credit cards, mortgage, student loans)",Y
5198323293,2026-09-07 13:56:25,2026-09-07 12:00:00,,Oregon,503,"Calls pretending to be government, businesses, or family and friends",Y
3023866181,2026-09-07 13:56:25,2026-09-05 13:38:00,Yulee,New York,716,"Reducing your debt (credit cards, mortgage, student loans)",Y
9519288598,2026-09-07 13:57:21,2026-09-07 10:53:00,Murrieta,California,951,Other,N
2283389593,2026-09-07 13:57:41,2026-09-06 14:14:00,Yulee,New York,716,"Reducing your debt (credit cards, mortgage, student loans)",N
4697897222,2026-09-07 13:58:02,2026-09-07 12:55:00,Richardson,Texas,469,Other,Y
9416679651,2026-09-07 13:58:03,2026-09-07 00:00:00,"Plantation,",Florida,954,"Reducing your debt (credit cards, mortgage, student loans)",Y
2022320750,2026-09-07 13:58:05,2026-09-07 13:41:00,WASINGTON,District of Columbia,202,Other,Y
6472002949,2026-09-07 13:58:20,2026-09-07 10:55:00,Albuquerque,New Mexico,505,"Calls pretending to be government, businesses, or family and friends",Y
4186710263,2026-09-07 13:58:29,2026-09-07 13:41:00,,Tennessee,901,"Reducing your debt (credit cards, mortgage, student loans)",Y
7075814870,2026-09-07 13:58:34,2026-09-05 11:51:00,,North Carolina,828,"Reducing your debt (credit cards, mortgage, student loans)",Y
6039523289,2026-09-07 13:58:47,2026-09-06 00:00:00,New Market,New Hampshire,603,Other,Y
8336253412,2026-09-07 13:59:07,2026-09-07 13:51:00,,Tennessee,901,"Reducing your debt (credit cards, mortgage, student loans)",Y
5877439472,2026-09-07 13:59:20,2026-09-07 13:39:00,Yulee,Florida,904,"Reducing your debt (credit cards, mortgage, student loans)",Y
9124161908,2026-09-07 13:59:24,2026-09-07 07:03:00,,California,310,"Reducing your debt (credit cards, mortgage, student loans)",Y
2178349513,2026-09-07 13:59:53,2026-09-07 12:00:00,,Colorado,719,"Reducing your debt (credit cards, mortgage, student loans)",Y
2312775880,2026-09-07 14:00:05,2026-09-05 13:29:00,,North Carolina,828,"Reducing your debt (credit cards, mortgage, student loans)",Y
7622809602,2026-09-07 14:00:42,2026-09-07 09:58:00,,California,310,"Reducing your debt (credit cards, mortgage, student loans)",Y
8665563117,2026-09-07 14:01:08,2026-09-07 09:50:00,Doraville,Georgia,404,"Reducing your debt (credit cards, mortgage, student loans)",Y
7207102278,2026-09-07 14:01:14,2026-09-07 12:55:00,Saint Paul,Minnesota,651,Dropped call or no message,
6462875609,2026-09-07 14:01:16,2026-09-07 12:00:00,Ocean Shores,Washington,714,"Calls pretending to be government, businesses, or family and friends",N
6189183293,2026-09-07 14:01:38,2026-09-07 10:01:00,COLUMBIA,Illinois,618,Other,Y
4156628643,2026-09-07 14:01:52,2026-09-07 10:51:00,riverside,California,951,Other,Y
8665546678,2026-09-07 14:01:58,2026-09-07 13:39:00,Doraville,Georgia,404,"Reducing your debt (credit cards, mortgage, student loans)",Y
5152579163,2026-09-07 14:02:24,2026-09-07 13:00:00,,Iowa,515,Dropped call or no message,Y
50941963757,2026-09-07 14:02:36,2026-09-07 12:00:00,Rancho Mirage,California,760,Other,N
8779660677,2026-09-07 14:02:38,2026-09-04 14:48:00,,North Carolina,828,"Reducing your debt (credit cards, mortgage, student loans)",Y
6184240607,2026-09-07 14:03:18,2026-09-07 11:54:00,COLUMBIA,Illinois,618,Other,Y
8564005797,2026-09-07 14:03:28,2026-09-07 11:57:00,Lake Orion,Michigan,248,"Reducing your debt (credit cards, mortgage, student loans)",Y
9103047328,2026-09-07 14:03:52,2026-09-05 11:03:00,,North Carolina,828,Other,
5312759413,2026-09-07 14:04:10,2026-09-05 13:56:00,Fort Mill,South Carolina,770,Other,Y
6184240607,2026-09-07 14:04:40,2026-09-07 12:06:00,COLUMBIA,Illinois,618,Other,Y
4706329919,2026-09-07 14:05:04,2026-09-07 13:28:00,Ferndale,California,971,"Calls pretending to be government, businesses, or family and friends",Y
8665564506,2026-09-07 14:05:16,2026-09-07 13:00:00,,Illinois,708,Other,Y
8137905572,2026-09-07 14:05:28,2026-09-05 14:54:00,,North Carolina,828,"Reducing your debt (credit cards, mortgage, student loans)",Y
2186071391,2026-09-07 14:05:29,2026-09-07 12:46:00,Walker,Minnesota,218,Other,
,2026-09-07 14:06:04,2026-09-07 11:00:00,,Indiana,317,No Subject Provided,Y
8568562301,2026-09-07 14:06:13,2026-09-07 12:32:00,newark,Delaware,302,"Reducing your debt (credit cards, mortgage, student loans)",
8772770430,2026-09-07 14:06:21,2026-09-07 11:26:00,Columbia,South Carolina,803,"Reducing your debt (credit cards, mortgage, student loans)",Y
2267757061,2026-09-07 14:06:37,2026-09-07 13:17:00,Dorchester,Massachusetts,857,"Calls pretending to be government, businesses, or family and friends",Y
3065005459,2026-09-07 14:06:41,2026-09-06 13:04:00,,North Carolina,828,"Reducing your debt (credit cards, mortgage, student loans)",Y
8665564742,2026-09-07 14:06:49,2026-09-07 09:54:00,Flemington,New Jersey,973,"Reducing your debt (credit cards, mortgage, student loans)",Y
8447541848,2026-09-07 14:07:19,2026-09-07 13:02:00,,Nevada,775,Home security  & alarms,N
3093129642,2026-09-07 14:07:36,2026-09-04 20:18:00,Wheaton,Illinois,630,"Reducing your debt (credit cards, mortgage, student loans)",Y
8778913058,2026-09-07 14:07:51,2026-09-06 13:10:00,Flemington,New Jersey,973,"Reducing your debt (credit cards, mortgage, student loans)",Y
4143817037,2026-09-07 14:08:09,2026-09-03 00:00:00,,Wisconsin,608,"Reducing your debt (credit cards, mortgage, student loans)",Y
9286669863,2026-09-07 14:08:13,2026-09-07 10:05:00,Anchorage,Alaska,928,"Reducing your debt (credit cards, mortgage, student loans)",Y
7206399165,2026-09-07 14:08:35,2026-08-31 18:55:00,Gypsum,Colorado,970,Other,Y
8449376494,2026-09-07 14:08:41,2026-09-07 00:00:00,,Virginia,757,Other,Y
8558061743,2026-09-07 14:08:43,2026-09-02 14:27:00,Mountain Home,Idaho,208,Other,Y
8336727151,2026-09-07 14:09:07,2026-09-04 21:00:00,Flemington,New Jersey,973,"Reducing your debt (credit cards, mortgage, student loans)",Y
4143817037,2026-09-07 14:09:20,2026-09-04 19:07:00,,Wisconsin,608,"Reducing your debt (credit cards, mortgage, student loans)",Y
3862441927,2026-09-07 14:09:21,2026-09-07 16:42:00,Ormond Beach,Florida,386,Other,N
2085028233,2026-09-07 14:09:40,2026-09-07 11:00:00,Boise,Idaho,208,Vacation  & timeshares,Y
9515168236,2026-09-07 14:09:56,2026-09-07 11:04:00,Walker,Minnesota,218,Other,
6087600230,2026-09-07 14:10:12,2026-09-05 13:02:00,West Hollywood,California,323,"Reducing your debt (credit cards, mortgage, student loans)",Y
8558011779,2026-09-07 14:10:27,2026-09-04 18:07:00,Flemington,New Jersey,973,"Reducing your debt (credit cards, mortgage, student loans)",Y
6024255202,2026-09-07 14:10:51,2026-09-07 08:57:00,,Arizona,602,Dropped call or no message,Y
8665546480,2026-09-07 14:10:53,2026-09-04 08:52:00,,Wisconsin,608,"Reducing your debt (credit cards, mortgage, student loans)",Y
7472645574,2026-09-07 14:11:00,2026-09-07 11:01:00,Los Angeles,California,818,"Reducing your debt (credit cards, mortgage, student loans)",Y
2532478213,2026-09-07 14:11:07,2026-07-30 19:26:00,Lakewood,Colorado,303,"Calls pretending to be government, businesses, or family and friends",N
8558060771,2026-09-07 14:11:08,2026-09-02 19:19:00,Mountain Home,Idaho,208,Other,Y
3479747768,2026-09-07 14:11:14,2026-09-07 13:47:00,far rockaway,New York,347,"Calls pretending to be government, businesses, or family and friends",Y
8634270028,2026-09-07 14:11:14,2026-09-07 02:09:00,,Florida,863,Other,Y
2674431209,2026-09-07 14:11:18,2026-09-07 14:09:00,,Pennsylvania,267,No Subject Provided,Y
8558043906,2026-09-07 14:11:23,2026-09-07 12:20:00,Lauderdale-By-The-Sea,Florida,202,"Reducing your debt (credit cards, mortgage, student loans)",Y
8778833406,2026-09-07 14:11:43,2026-09-04 11:44:00,,Wisconsin,608,"Reducing your debt (credit cards, mortgage, student loans)",Y
8665567070,2026-09-07 14:11:43,2026-09-07 13:12:00,Flemington,New Jersey,973,"Reducing your debt (credit cards, mortgage, student loans)",Y
525586597335,2026-09-07 14:12:01,2026-09-07 09:56:00,Los Angeles,California,818,"Reducing your debt (credit cards, mortgage, student loans)",Y
7028660019,2026-09-07 14:12:02,2026-09-07 15:02:00,Las Vegas,Nevada,702,"Reducing your debt (credit cards, mortgage, student loans)",Y
9048804341,2026-09-07 14:12:15,2026-09-07 12:34:00,,Florida,904,Dropped call or no message,N
8336727500,2026-09-07 14:12:32,2026-09-04 15:33:00,,Wisconsin,608,"Reducing your debt (credit cards, mortgage, student loans)",Y
5153935687,2026-09-07 14:12:46,2026-09-07 13:11:00,,Iowa,515,Other,Y
9049777389,2026-09-07 14:12:57,2026-09-07 12:52:00,,Florida,904,Dropped call or no message,N
8558062418,2026-09-07 14:13:17,2026-09-04 19:48:00,,Wisconsin,608,"Reducing your debt (credit cards, mortgage, student loans)",Y
9043871926,2026-09-07 14:13:29,2026-09-07 14:10:00,,Florida,904,Dropped call or no message,N
3216679529,2026-09-07 14:13:40,2026-09-07 13:12:00,Lake Charles,Louisiana,321,Medical  & prescriptions,Y
3044350617,2026-09-07 14:13:49,2026-09-05 11:12:00,West Hollywood,California,323,"Reducing your debt (credit cards, mortgage, student loans)",Y
8665566323,2026-09-07 14:14:02,2026-09-07 09:08:00,,Wisconsin,608,"Reducing your debt (credit cards, mortgage, student loans)",Y
6782704277,2026-09-07 14:14:14,2026-09-07 14:11:00,,Georgia,404,Dropped call or no message,Y
8778834199,2026-09-07 14:14:28,2026-09-07 11:12:00,Tucson,Arizona,202,Other,Y
8665547831,2026-09-07 14:14:48,2026-09-07 12:46:00,,Wisconsin,608,"Reducing your debt (credit cards, mortgage, student loans)",Y
8773883875,2026-09-07 14:15:30,2026-09-03 13:21:00,fayetteville,New York,315,Other,Y
7144395821,2026-09-07 14:15:41,2026-09-06 00:00:00,,Illinois,815,No Subject Provided,Y
2562295084,2026-09-07 14:16:15,2026-09-07 13:14:00,Al,Alabama,256,Medical  & prescriptions,N
5068206192,2026-09-07 14:16:25,2026-09-04 16:09:00,West Hollywood,California,323,"Reducing your debt (credit cards, mortgage, student loans)",Y
7206864517,2026-09-07 14:16:26,2026-09-07 12:13:00,,Colorado,720,Home improvement  & cleaning,N
,2026-09-07 14:17:44,2026-09-06 10:55:00,,Virginia,757,Other,Y
8447812017,2026-09-07 14:18:05,2026-09-07 00:00:00,,California,714,"Reducing your debt (credit cards, mortgage, student loans)",Y
2565055174,2026-09-07 14:18:20,2026-09-07 10:46:00,Al,Alabama,256,Other,N
8664966318,2026-09-07 14:18:35,2026-09-03 09:57:00,Mountain Home,Idaho,208,Other,Y
7083069037,2026-09-07 14:18:47,2026-09-07 09:12:00,Palos Hills,Illinois,708,Warranties  & protection plans,Y
8447812017,2026-09-07 14:18:50,2026-09-07 00:00:00,,California,714,"Reducing your debt (credit cards, mortgage, student loans)",Y
5747530324,2026-09-07 14:19:02,2026-09-04 13:00:00,Knox,Indiana,574,"Calls pretending to be government, businesses, or family and friends",Y
8558011470,2026-09-07 14:19:33,2026-09-07 00:00:00,,California,714,"Reducing your debt (credit cards, mortgage, student loans)",Y
2139752651,2026-09-07 14:20:03,2026-09-07 00:00:00,,California,213,No Subject Provided,
6172358162,2026-09-07 14:20:14,2026-09-07 14:07:00,,Massachusetts,978,Other,Y
,2026-09-07 14:20:19,2026-09-07 14:07:00,Ohio,Ohio,937,Dropped call or no message,Y
8558011470,2026-09-07 14:20:21,2026-09-07 00:00:00,,California,714,"Reducing your debt (credit cards, mortgage, student loans)",Y
7189523538,2026-09-07 14:20:35,2026-09-07 14:17:00,Bronx,New York,212,"Calls pretending to be government, businesses, or family and friends",N
9065861741,2026-09-07 14:20:45,2026-09-07 13:55:00,Miami,Florida,305,Other,N
8558062075,2026-09-07 14:20:51,2026-09-03 13:26:00,Mountain Home,Idaho,208,Other,Y
2562183192,2026-09-07 14:20:56,2026-09-07 00:00:00,Al,Alabama,256,Other,N
8558011470,2026-09-07 14:21:04,2026-09-07 00:00:00,,California,714,"Reducing your debt (credit cards, mortgage, student loans)",Y
2027353092,2026-09-07 14:21:11,2026-09-07 07:57:00,San Jose,California,408,"Calls pretending to be government, businesses, or family and friends",Y
84472573600,2026-09-07 14:21:40,2026-09-07 14:16:00,Medway,Massachusetts,774,"Reducing your debt (credit cards, mortgage, student loans)",Y
2088865271,2026-09-07 14:21:43,2026-09-07 11:19:00,Post Falls,Idaho,208,Other,N
8447573416,2026-09-07 14:21:45,2026-09-07 00:00:00,,California,714,"Reducing your debt (credit cards, mortgage, student loans)",Y
5818543196,2026-09-07 14:21:50,2026-09-07 14:07:00,Milford,New Hampshire,603,"Reducing your debt (credit cards, mortgage, student loans)",Y
7034201872,2026-09-07 14:22:11,2026-09-04 16:01:00,Alexandria,Virginia,843,Dropped call or no message,Y
8447812090,2026-09-07 14:22:33,2026-09-07 00:00:00,,California,714,"Reducing your debt (credit cards, mortgage, student loans)",Y
9187366536,2026-09-07 14:22:44,2026-09-07 10:00:00,Oklahoma,Oklahoma,918,Other,Y
5746960474,2026-09-07 14:23:11,2026-09-07 17:17:00,Knox,Indiana,574,"Calls pretending to be government, businesses, or family and friends",Y
7789360646,2026-09-07 14:23:12,2026-09-06 14:12:00,,Massachusetts,978,"Reducing your debt (credit cards, mortgage, student loans)",Y
6462873751,2026-09-07 14:23:17,2026-09-07 13:57:00,Kalamazoo,Michigan,734,Dropped call or no message,
8447203412,2026-09-07 14:23:25,2026-09-07 00:00:00,,California,714,"Reducing your debt (credit cards, mortgage, student loans)",Y
6472933190,2026-09-07 14:24:01,2026-09-05 13:23:00,Bronx,New York,212,"Calls pretending to be government, businesses, or family and friends",Y
,2026-09-07 14:24:07,2026-09-01 10:03:00,Oklahoma City,Oklahoma,229,Home improvement  & cleaning,Y
8444173612,2026-09-07 14:24:29,2026-09-03 15:48:00,Mountain Home,Idaho,208,Other,Y
3032330375,2026-09-07 14:24:33,2026-09-07 00:00:00,Englewood,Colorado,720,Dropped call or no message,N
4142680330,2026-09-07 14:24:45,2026-09-07 13:14:00,,Wisconsin,715,Dropped call or no message,
5063337601,2026-09-07 14:24:59,2026-09-05 09:00:00,,Massachusetts,978,"Reducing your debt (credit cards, mortgage, student loans)",Y
7864345762,2026-09-07 14:25:09,2026-09-07 20:30:00,Miami,Florida,201,"Reducing your debt (credit cards, mortgage, student loans)",N
8665401070,2026-09-07 14:25:24,2026-09-07 14:31:00,ORLANDO,Florida,407,Other,Y
5817019726,2026-09-07 14:25:34,2026-09-03 19:07:00,Bronx,New York,212,"Calls pretending to be government, businesses, or family and friends",Y
3093129642,2026-09-07 14:25:41,2026-09-04 23:38:00,Palm Coast,Florida,305,Other,N
3213958702,2026-09-07 14:26:02,2026-09-07 00:00:00,Glendale,California,805,"Reducing your debt (credit cards, mortgage, student loans)",Y
8778834199,2026-09-07 14:26:11,2026-09-07 01:16:00,,Virginia,804,"Reducing your debt (credit cards, mortgage, student loans)",Y
8583190981,2026-09-07 14:26:19,2026-09-07 11:17:00,,California,858,Other,Y
9048196136,2026-09-07 14:26:38,2026-09-07 14:25:00,,Florida,904,Dropped call or no message,N
2506696424,2026-09-07 14:26:39,2026-09-05 10:14:00,,Massachusetts,978,"Reducing your debt (credit cards, mortgage, student loans)",Y
8778838717,2026-09-07 14:26:45,2026-09-04 18:06:00,Mountain Home,Idaho,208,Other,Y
8583937626,2026-09-07 14:26:55,2026-09-03 12:36:00,,California,858,Other,Y
3217850403,2026-09-07 14:27:33,2026-09-07 09:57:00,salt lake city,Utah,801,Other,N
6472664783,2026-09-07 14:27:51,2026-09-04 15:12:00,,Massachusetts,978,"Reducing your debt (credit cards, mortgage, student loans)",Y
2176502308,2026-09-07 14:28:05,2026-09-07 13:26:00,CLINTON,Illinois,217,Other,Y
,2026-09-07 14:28:08,2024-07-01 12:00:00,Canfield,Ohio,330,Other,N
8253550495,2026-09-07 14:28:17,2026-09-07 10:17:00,eastvale,California,626,"Reducing your debt (credit cards, mortgage, student loans)",Y
2695200317,2026-09-07 14:28:20,2026-09-05 12:14:00,ORLANDO,Florida,407,"Reducing your debt (credit cards, mortgage, student loans)",Y
8087581647,2026-09-07 14:28:27,2026-09-05 14:20:00,,Hawaii,808,Dropped call or no message,Y
4373728034,2026-09-07 14:28:37,2026-08-29 11:38:00,Bronx,New York,212,Other,N
7729074834,2026-09-07 14:28:46,2026-09-07 14:09:00,Baltimore,Maryland,410,"Reducing your debt (credit cards, mortgage, student loans)",Y
2178349513,2026-09-07 14:28:52,2026-09-07 13:03:00,North truro,Massachusetts,508,"Reducing your debt (credit cards, mortgage, student loans)",Y
8663924845,2026-09-07 14:28:52,2026-09-07 14:25:00,McLean,Virginia,703,"Reducing your debt (credit cards, mortgage, student loans)",Y
5872669083,2026-09-07 14:28:58,2026-09-03 13:12:00,,Massachusetts,978,"Reducing your debt (credit cards, mortgage, student loans)",Y
5738612086,2026-09-07 14:29:24,2026-09-03 08:00:00,,Hawaii,808,Dropped call or no message,Y
4708055783,2026-09-07 14:29:35,2026-09-07 13:30:00,Baltimore,Maryland,410,"Reducing your debt (credit cards, mortgage, student loans)",Y
5028628747,2026-09-07 14:29:42,2026-09-06 17:31:00,eastvale,California,626,"Reducing your debt (credit cards, mortgage, student loans)",Y
8669482104,2026-09-07 14:29:47,2026-09-07 14:25:00,Streetsboro,Ohio,330,"Reducing your debt (credit cards, mortgage, student loans)",Y
6093245382,2026-09-07 14:30:18,2026-09-03 04:07:00,,Hawaii,808,Dropped call or no message,Y
8664174571,2026-09-07 14:30:24,2026-09-07 16:02:00,,Indiana,866,"Calls pretending to be government, businesses, or family and friends",Y
8778835130,2026-09-07 14:30:27,2026-09-07 14:16:00,McLean,Virginia,703,"Reducing your debt (credit cards, mortgage, student loans)",Y
6282306439,2026-09-07 14:30:35,2026-08-31 15:42:00,Daly City,California,650,Dropped call or no message,N
9134251876,2026-09-07 14:31:00,2026-09-07 16:40:00,Lenexa,Kansas,913,Dropped call or no message,Y
5209804580,2026-09-07 14:31:24,2026-09-07 11:03:00,Louisiana,Louisiana,318,Other,Y
8598238502,2026-09-07 14:31:27,2026-09-07 13:05:00,Ft Wright,Kentucky,859,Home improvement  & cleaning,Y
8088298232,2026-09-07 14:31:32,2026-09-02 09:49:00,,Hawaii,808,Dropped call or no message,Y
6135044218,2026-09-07 14:31:35,2026-09-05 13:00:00,SACR,California,916,Other,Y
8565999763,2026-09-07 14:32:12,2026-09-07 09:27:00,ORLANDO,Florida,407,"Reducing your debt (credit cards, mortgage, student loans)",Y
2097914370,2026-09-07 14:32:25,2026-09-01 10:05:00,Daly City,California,650,Dropped call or no message,N
9515748766,2026-09-07 14:33:23,2026-09-07 00:00:00,NEW YORK,New York,917,"Reducing your debt (credit cards, mortgage, student loans)",Y
8157367528,2026-09-07 14:34:01,2026-09-07 13:26:00,Louisiana,Louisiana,318,Other,Y
8447573600,2026-09-07 14:34:14,2026-09-07 14:18:00,Chapel Hill,North Carolina,919,"Reducing your debt (credit cards, mortgage, student loans)",Y
8156911337,2026-09-07 14:34:15,2026-09-07 11:52:00,ORLANDO,Florida,407,"Reducing your debt (credit cards, mortgage, student loans)",Y
5104226837,2026-09-07 14:34:56,2026-09-01 12:13:00,Daly City,California,650,Dropped call or no message,N
2288091084,2026-09-07 14:35:28,2026-09-07 12:53:00,,Mississippi,228,Other,Y
9778837219,2026-09-07 14:35:30,2026-09-04 08:09:00,Mountain Home,Idaho,208,Other,Y
8634858621,2026-09-07 14:35:40,2026-09-07 13:39:00,ORLANDO,Florida,407,"Reducing your debt (credit cards, mortgage, student loans)",Y
8059363936,2026-09-07 14:36:43,2026-09-07 13:12:00,,Tennessee,901,Other,Y
8187947832,2026-09-07 14:36:43,2026-09-07 00:00:00,Grants Pass,Oregon,818,Vacation  & timeshares,N
8778835130,2026-09-07 14:37:00,2026-09-07 14:15:00,Wantage,New Jersey,973,Other,N
8336404450,2026-09-07 14:37:54,2026-09-04 11:49:00,Mountain Home,Idaho,208,Other,Y
3105976857,2026-09-07 14:37:58,2026-09-07 12:00:00,Torrance,California,310,"Calls pretending to be government, businesses, or family and friends",N
9255028432,2026-09-07 14:38:10,2026-09-01 14:48:00,Daly City,California,650,Dropped call or no message,N
7622685544,2026-09-07 14:38:15,2026-09-07 11:07:00,,California,626,Other,Y
2103686391,2026-09-07 14:38:19,2026-09-07 13:32:00,,Texas,210,"Calls pretending to be government, businesses, or family and friends",N
8447580689,2026-09-07 14:39:33,2026-09-04 00:00:00,Mountain Home,Idaho,208,Other,Y
3213958702,2026-09-07 14:39:46,2026-09-07 12:00:00,Gainesville,Florida,352,"Reducing your debt (credit cards, mortgage, student loans)",Y
8333613983,2026-09-07 14:39:51,2026-09-07 13:34:00,Glendale,Arizona,757,"Reducing your debt (credit cards, mortgage, student loans)",Y
8558064699,2026-09-07 14:40:55,2026-09-07 11:57:00,Colorado springs,Colorado,719,"Reducing your debt (credit cards, mortgage, student loans)",Y
3122356955,2026-09-07 14:41:03,2026-09-07 11:30:00,Wichita,Kansas,316,Other,N
9058741866,2026-09-07 14:41:06,2026-09-07 13:40:00,Frisco,Texas,469,Other,N
8339285450,2026-09-07 14:41:12,2026-09-04 15:42:00,Mountain Home,Idaho,208,Other,Y
4245084198,2026-09-07 14:41:45,2026-09-07 11:37:00,Simi Valley,California,805,Home improvement  & cleaning,N
8778838957,2026-09-07 14:41:53,2026-09-07 14:39:00,Lyndhurst,New Jersey,201,"Reducing your debt (credit cards, mortgage, student loans)",Y
8778822786,2026-09-07 14:42:08,2026-09-07 11:40:00,Glendale,Arizona,602,"Reducing your debt (credit cards, mortgage, student loans)",Y
4259994833,2026-09-07 14:42:14,2026-09-07 10:38:00,Kent,Washington,425,Other,Y
8773167221,2026-09-07 14:43:09,2026-09-04 17:21:00,Mountain Home,Idaho,208,Other,Y
8778838112,2026-09-07 14:43:21,2026-09-07 10:00:00,Tonopah,Arizona,602,"Reducing your debt (credit cards, mortgage, student loans)",Y
8447814760,2026-09-07 14:43:41,2026-09-07 12:26:00,,New Jersey,732,"Reducing your debt (credit cards, mortgage, student loans)",Y
4706719420,2026-09-07 14:43:56,2026-09-07 14:01:00,,Georgia,908,Other,N
8778835882,2026-09-07 14:44:31,2026-09-07 14:43:00,Miami,Florida,305,Other,Y
8446422367,2026-09-07 14:44:43,2026-09-07 11:10:00,,California,619,"Reducing your debt (credit cards, mortgage, student loans)",Y
3479199711,2026-09-07 14:45:06,2026-09-07 11:40:00,,Nevada,702,Other,N
2034628573,2026-09-07 14:45:51,2026-09-07 13:33:00,Shreveport,Louisiana,318,Other,N
8335924202,2026-09-07 14:46:39,2026-09-07 10:02:00,Tonopah,Arizona,602,"Reducing your debt (credit cards, mortgage, student loans)",Y
8447814290,2026-09-07 14:46:47,2026-09-07 08:07:00,Mountain Home,Idaho,208,Other,Y
9256431929,2026-09-07 14:46:50,2026-09-02 10:10:00,Daly City,California,650,Dropped call or no message,N
5303255627,2026-09-07 14:46:58,2026-09-07 10:34:00,Grass valley,California,530,Other,Y
7403344908,2026-09-07 14:47:00,2026-09-07 14:25:00,Dayton,Ohio,937,"Energy, solar,  & utilities",N
6015912945,2026-09-07 14:47:50,2026-09-07 10:11:00,Vicksburg,Mississippi,601,Other,Y
9543509890,2026-09-07 14:48:31,2026-09-07 00:00:00,HALLANDALE BEACH,Florida,239,Other,N
8559076196,2026-09-07 14:48:36,2026-09-07 10:40:00,Mountain Home,Idaho,208,Other,Y
6199352254,2026-09-07 14:48:51,2026-09-07 10:47:00,Valley Center,California,760,Dropped call or no message,N
9034149937,2026-09-07 14:48:55,2026-09-07 09:57:00,,Michigan,517,"Reducing your debt (credit cards, mortgage, student loans)",Y
4258803651,2026-09-07 14:49:18,2026-09-04 16:23:00,Marysville,Washington,360,Home improvement  & cleaning,N
5302042758,2026-09-07 14:49:21,2026-09-04 12:28:00,Grass valley,California,530,"Energy, solar,  & utilities",Y
5128236743,2026-09-07 14:49:45,2026-09-07 17:31:00,Elgin,Texas,512,"Calls pretending to be government, businesses, or family and friends",N
6507650002,2026-09-07 14:50:01,2026-09-07 10:45:00,Daly City,California,650,Dropped call or no message,N
8282321183,2026-09-07 14:50:31,2026-09-07 14:45:00,Walworth,New York,585,Vacation  & timeshares,Y
8479878334,2026-09-07 14:50:32,2026-09-07 12:00:00,Tacoma,Washington,562,"Calls pretending to be government, businesses, or family and friends",N
7302260881,2026-09-07 14:50:46,2026-09-07 13:40:00,McHenry,Illinois,815,Warranties  & protection plans,N
7803753896,2026-09-07 14:51:26,2026-09-07 13:49:00,,Texas,903,No Subject Provided,N
3032619875,2026-09-07 14:52:23,2026-09-07 15:46:00,Michigan,Michigan,313,Other,Y
5124866140,2026-09-07 14:52:41,2026-09-07 13:00:00,Round Rock,Texas,512,"Reducing your debt (credit cards, mortgage, student loans)",Y
3215779754,2026-09-07 14:52:52,2026-09-07 14:46:00,Pilesgrove,New Jersey,856,"Reducing your debt (credit cards, mortgage, student loans)",Y
5155208733,2026-09-07 14:52:55,2026-09-07 13:50:00,,Iowa,515,Other,Y
7178798354,2026-09-07 14:53:05,2026-09-07 14:49:00,Columbia,Pennsylvania,717,Medical  & prescriptions,Y
9187774098,2026-09-07 14:53:37,2026-09-07 12:38:00,tulsa,Oklahoma,918,"Calls pretending to be government, businesses, or family and friends",Y
4164226385,2026-09-07 14:53:37,2026-09-07 11:09:00,Inglewood,California,310,Other,Y
7604574036,2026-09-07 14:53:42,2026-09-07 11:40:00,Valley Center,California,760,Dropped call or no message,N
7869531920,2026-09-07 14:54:13,2026-09-07 14:53:00,Cutler bay,Florida,786,"Energy, solar,  & utilities",Y
7082736977,2026-09-07 14:54:25,2026-09-07 12:58:00,,Illinois,847,Other,Y
4106506960,2026-09-07 14:54:27,2026-09-07 14:20:00,,Maryland,301,"Reducing your debt (credit cards, mortgage, student loans)",Y
7742988784,2026-09-07 14:54:50,2026-09-07 12:33:00,Pilesgrove,New Jersey,856,"Reducing your debt (credit cards, mortgage, student loans)",Y
5625040094,2026-09-07 14:55:12,2026-09-07 09:43:00,Cerritos,California,562,"Energy, solar,  & utilities",N
8149672010,2026-09-07 14:56:08,2026-09-07 18:43:00,Bedford,Pennsylvania,814,"Reducing your debt (credit cards, mortgage, student loans)",N
7084550906,2026-09-07 14:56:08,2026-09-06 09:56:00,,Illinois,847,Other,Y
9035682919,2026-09-07 14:56:42,2026-09-07 12:56:00,Lake Worth,Florida,305,Other,Y
7082903683,2026-09-07 14:57:21,2026-09-04 15:35:00,,Illinois,847,Other,Y
7084934769,2026-09-07 14:58:26,2026-09-04 11:48:00,,Illinois,847,Other,Y
8565912383,2026-09-07 14:59:02,2026-09-07 14:44:00,Delran,New Jersey,856,Other,N
4802414827,2026-09-07 14:59:21,2026-09-07 15:57:00,Phoenix,Arizona,480,"Calls pretending to be government, businesses, or family and friends",Y
2766462080,2026-09-07 14:59:39,2026-09-07 10:35:00,Blue Ridge,Virginia,540,Dropped call or no message,Y
3137764852,2026-09-07 14:59:43,2026-09-03 17:15:00,,Illinois,847,Other,Y
9012665939,2026-09-07 14:59:45,2026-09-07 14:24:00,Hallandale,Florida,754,"Reducing your debt (credit cards, mortgage, student loans)",Y
8778856597,2026-09-07 14:59:49,2026-09-07 12:55:00,Mountain Home,Idaho,208,Other,Y
7172806530,2026-09-07 15:00:07,2026-09-07 13:38:00,,California,925,"Calls pretending to be government, businesses, or family and friends",N
8778837114,2026-09-07 15:00:30,2026-09-07 10:58:00,,California,408,"Reducing your debt (credit cards, mortgage, student loans)",Y
8592550927,2026-09-07 15:01:17,2026-09-07 14:51:00,,Kentucky,859,"Calls pretending to be government, businesses, or family and friends",N
7079799379,2026-09-07 15:01:30,2026-09-07 11:54:00,Dixon,California,707,"Energy, solar,  & utilities",N
5803660243,2026-09-07 15:01:30,2026-09-07 13:59:00,Lawton,Oklahoma,580,Other,Y
5186604060,2026-09-07 15:02:11,2026-09-06 12:22:00,Hallandale,Florida,754,Other,Y
8778682021,2026-09-07 15:02:34,2026-09-04 16:19:00,Las Cruces,New Mexico,575,"Reducing your debt (credit cards, mortgage, student loans)",Y
4345005826,2026-09-07 15:02:40,2026-09-07 14:52:00,BROWNDALE,Pennsylvania,570,Other,N
5022280400,2026-09-07 15:02:54,2026-09-07 13:25:00,,Kentucky,502,No Subject Provided,Y
8558065184,2026-09-07 15:03:27,2026-09-04 18:11:00,Las Cruces,New Mexico,575,"Reducing your debt (credit cards, mortgage, student loans)",Y
9314240306,2026-09-07 15:03:28,2026-09-01 13:52:00,,Tennessee,931,Other,N
8778835401,2026-09-07 15:03:50,2026-09-07 06:58:00,,California,760,"Calls pretending to be government, businesses, or family and friends",Y
4806382034,2026-09-07 15:03:53,2026-09-04 06:41:00,Hudson,Wisconsin,480,Other,N
9258288402,2026-09-07 15:04:03,2026-09-01 12:00:00,,California,925,"Calls pretending to be government, businesses, or family and friends",N
8336404356,2026-09-07 15:04:24,2026-09-05 17:50:00,Las Cruces,New Mexico,575,"Reducing your debt (credit cards, mortgage, student loans)",Y
5147965164,2026-09-07 15:04:39,2026-09-05 13:13:00,Hallandale,Florida,754,Other,Y
7726669139,2026-09-07 15:05:00,2026-09-07 00:00:00,,Illinois,815,No Subject Provided,
6099041473,2026-09-07 15:05:24,2026-09-03 08:56:00,Colton,California,909,"Reducing your debt (credit cards, mortgage, student loans)",Y
6463598706,2026-09-07 15:05:25,2026-09-05 14:18:00,Philadelphia,Pennsylvania,610,"Calls pretending to be government, businesses, or family and friends",N
8664996855,2026-09-07 15:05:27,2026-09-07 08:48:00,Las Cruces,New Mexico,575,"Reducing your debt (credit cards, mortgage, student loans)",Y
9285580276,2026-09-07 15:05:35,2026-09-07 00:00:00,,Illinois,815,No Subject Provided,
8555644845,2026-09-07 15:06:03,2026-09-07 11:11:00,Las Cruces,New Mexico,575,"Reducing your debt (credit cards, mortgage, student loans)",Y
7866999284,2026-09-07 15:06:22,2026-09-07 15:04:00,Pilesgrove,New Jersey,856,"Reducing your debt (credit cards, mortgage, student loans)",Y
2032045256,2026-09-07 15:06:30,2026-09-07 13:54:00,Bolton,Connecticut,860,Other,Y
9192072804,2026-09-07 15:06:47,2026-09-07 14:56:00,Rougemont,North Carolina,919,"Calls pretending to be government, businesses, or family and friends",Y
8336726991,2026-09-07 15:06:54,2026-09-07 14:03:00,,California,323,Other,Y
8778215893,2026-09-07 15:07:13,2026-09-07 17:16:00,,Kentucky,859,"Calls pretending to be government, businesses, or family and friends",Y
8447583039,2026-09-07 15:08:04,2026-09-07 14:03:00,,,844,"Reducing your debt (credit cards, mortgage, student loans)",Y
6783705663,2026-09-07 15:08:18,2026-09-07 14:53:00,Smyrna,Georgia,678,Other,Y
8552072889,2026-09-07 15:08:19,2026-09-07 12:00:00,WAYNESVILLE,Missouri,970,Other,N
5136573938,2026-09-07 15:08:39,2026-09-07 15:00:00,West Chester Township,Ohio,513,Home improvement  & cleaning,N
3068069568,2026-09-07 15:08:42,2026-09-07 00:00:00,Chelmsford,Massachusetts,978,Other,Y
5599270782,2026-09-07 15:08:57,2026-09-07 14:41:00,,Pennsylvania,856,"Reducing your debt (credit cards, mortgage, student loans)",Y
7543506635,2026-09-07 15:08:58,2026-09-04 16:40:00,Hallandale,Florida,754,Other,Y
8447573851,2026-09-07 15:09:36,2026-09-07 15:03:00,Mechanicsville,Virginia,804,Other,Y
8598379434,2026-09-07 15:09:43,2026-09-07 15:02:00,Cincinnati,Ohio,513,Other,N
3146627888,2026-09-07 15:10:04,2026-09-03 13:01:00,FLORISSANT,Missouri,833,"Reducing your debt (credit cards, mortgage, student loans)",Y
2163508577,2026-09-07 15:10:04,2026-09-07 15:07:00,Bolton,Connecticut,860,Other,Y
8639408407,2026-09-07 15:10:05,2026-09-07 10:58:00,Quartz Hill,California,661,Other,Y
6198371028,2026-09-07 15:10:31,2026-09-07 12:01:00,La Verne,California,760,Other,N
8335128917,2026-09-07 15:10:37,2026-08-06 12:23:00,OGDENSBURG,New York,315,Other,Y
7542828651,2026-09-07 15:10:37,2026-09-04 16:40:00,Hallandale,Florida,754,Other,Y
8102120690,2026-09-07 15:10:53,2026-09-07 11:41:00,Colton,California,909,"Reducing your debt (credit cards, mortgage, student loans)",Y
2392414400,2026-09-07 15:10:58,2026-09-07 14:13:00,NAPLES,Florida,239,Other,N
9599987433,2026-09-07 15:11:31,2026-09-04 14:23:00,Bolton,Connecticut,860,Other,Y
2406499446,2026-09-07 15:12:00,2026-09-07 14:45:00,Essex,Maryland,443,Other,N
,2026-09-07 15:12:06,2026-09-07 03:09:00,,North Carolina,743,"Reducing your debt (credit cards, mortgage, student loans)",N
6232718258,2026-09-07 15:12:34,2026-09-07 13:10:00,Avondale,Arizona,623,Medical  & prescriptions,Y
7473008106,2026-09-07 15:12:53,2026-09-07 10:27:00,Fullerton,California,714,Other,N
3149377702,2026-09-07 15:12:57,2026-08-26 13:00:00,FLORISSANT,Missouri,314,Dropped call or no message,N
9898880120,2026-09-07 15:13:23,2026-09-07 10:04:00,Miami,Florida,305,"Reducing your debt (credit cards, mortgage, student loans)",Y
8778835401,2026-09-07 15:13:30,2026-09-02 02:03:00,Edmond,Oklahoma,217,Other,Y
7146982982,2026-09-07 15:13:59,2026-09-07 18:45:00,Madison,Maine,207,"Lotteries, prizes  & sweepstakes",N
8338532820,2026-09-07 15:14:32,2026-08-17 14:07:00,OGDENSBURG,New York,315,Other,Y
8778839035,2026-09-07 15:14:38,2026-09-07 12:25:00,Miami,Florida,305,"Reducing your debt (credit cards, mortgage, student loans)",Y
5097397992,2026-09-07 15:14:59,2026-09-07 10:14:00,,Washington,253,Other,Y
5743930543,2026-09-07 15:15:02,2026-09-07 15:14:00,Osecola,Indiana,574,No Subject Provided,Y
7807792038,2026-09-07 15:15:21,2026-09-07 03:08:00,SC,South Carolina,843,Dropped call or no message,N
2533587120,2026-09-07 15:15:58,2026-09-07 08:20:00,,Washington,253,Other,Y
4025886553,2026-09-07 15:15:59,2026-09-07 08:48:00,,Nebraska,402,Other,Y
7787124045,2026-09-07 15:16:01,2026-09-05 12:08:00,Hallandale,Florida,754,Other,Y
5183752474,2026-09-07 15:16:14,2026-09-07 15:12:00,Cohoes,New York,518,Vacation  & timeshares,N
9495709349,2026-09-07 15:16:39,2026-09-07 11:21:00,Fullerton,California,714,Dropped call or no message,N
2533234728,2026-09-07 15:16:41,2026-09-07 11:44:00,,Washington,253,Other,Y
7622679521,2026-09-07 15:16:48,2026-09-07 12:13:00,Quartz Hill,California,661,"Reducing your debt (credit cards, mortgage, student loans)",Y
3312048791,2026-09-07 15:16:56,2026-09-07 09:57:00,Westmont,Illinois,630,Other,N
9409388445,2026-09-07 15:17:43,2026-09-04 16:50:00,Bowie,Texas,940,Medical  & prescriptions,N
7147522588,2026-09-07 15:17:44,2026-09-07 16:10:00,Jurupa valley,California,714,Home security  & alarms,Y
3092264741,2026-09-07 15:17:45,2026-09-07 13:39:00,Aledo,Illinois,309,Other,Y
9498793219,2026-09-07 15:17:47,2026-09-07 12:10:00,Van Nuys,California,714,Dropped call or no message,
2099193485,2026-09-07 15:17:53,2026-08-21 07:03:00,Lodi,California,209,"Calls pretending to be government, businesses, or family and friends",Y
7473175916,2026-09-07 15:18:21,2026-09-07 13:13:00,MERIDIAN,Idaho,714,Other,Y
8336253231,2026-09-07 15:18:43,2026-09-07 13:09:00,Westmont,Illinois,630,Other,Y
8665545947,2026-09-07 15:19:24,2026-09-07 16:15:00,Parker,Colorado,951,"Reducing your debt (credit cards, mortgage, student loans)",Y
2084450375,2026-09-07 15:19:28,2026-09-01 16:27:00,MERIDIAN,California,714,Other,Y
9403099748,2026-09-07 15:19:34,2026-09-04 14:05:00,Bowie,Texas,940,Medical  & prescriptions,N
7857582776,2026-09-07 15:19:37,2026-09-07 14:13:00,,Indiana,219,"Lotteries, prizes  & sweepstakes",N
9207143409,2026-09-07 15:19:49,2026-09-07 12:44:00,Madison,Wisconsin,920,Other,N
8337465724,2026-09-07 15:20:24,2026-09-07 15:15:00,,Virginia,757,"Calls pretending to be government, businesses, or family and friends",Y
6265612022,2026-09-07 15:20:44,2026-09-01 11:31:00,MERIDIAN,California,714,Other,Y
9205690309,2026-09-07 15:21:28,2026-09-07 14:19:00,Madison,Wisconsin,920,Other,N
9802022572,2026-09-07 15:22:00,2026-09-07 15:12:00,Charlotte,North Carolina,980,Other,Y
2816332461,2026-09-07 15:22:02,2026-09-07 15:19:00,Marietta,Georgia,757,"Reducing your debt (credit cards, mortgage, student loans)",N
2082409996,2026-09-07 15:22:04,2026-08-30 19:51:00,MERIDIAN,California,714,Other,Y
2085502702,2026-09-07 15:23:07,2026-08-28 15:18:00,MERIDIAN,California,714,Other,Y
3069856898,2026-09-07 15:23:12,2026-09-07 15:20:00,Bayville,New Jersey,732,No Subject Provided,Y
5152667198,2026-09-07 15:23:18,2026-09-07 14:21:00,,Iowa,515,Dropped call or no message,Y
3434382438,2026-09-07 15:23:28,2026-09-07 14:00:00,,Florida,850,No Subject Provided,Y
6196301857,2026-09-07 15:23:29,2026-09-07 10:45:00,San Diego,California,619,Other,Y
5879526543,2026-09-07 15:23:35,2026-09-07 15:21:00,Palm Coast,Florida,732,Other,Y
4029529900,2026-09-07 15:23:54,2026-09-01 15:01:00,Burbank,California,323,"Calls pretending to be government, businesses, or family and friends",N
9202365984,2026-09-07 15:23:58,2026-09-07 09:27:00,Madison,Wisconsin,920,Other,N
5625014955,2026-09-07 15:24:10,2026-08-27 13:58:00,MERIDIAN,California,714,Other,Y
6196301836,2026-09-07 15:25:13,2026-09-07 12:01:00,San Diego,California,619,Other,Y
4244177998,2026-09-07 15:25:21,2026-08-26 09:11:00,MERIDIAN,California,714,Dropped call or no message,Y
2314340922,2026-09-07 15:25:28,2026-09-07 12:20:00,,Nevada,702,Other,Y
8433383336,2026-09-07 15:25:38,2026-09-07 03:24:00,Bluffton,South Carolina,843,"Calls pretending to be government, businesses, or family and friends",Y
8168169021,2026-09-07 15:25:41,2026-09-07 07:49:00,alhambra,California,626,Other,N
8332876012,2026-09-07 15:25:48,2026-09-07 11:19:00,Oakley,Kansas,785,Other,Y
9208989995,2026-09-07 15:26:27,2026-09-07 10:30:00,Madison,Wisconsin,920,Other,N
8569941987,2026-09-07 15:26:27,2026-09-07 00:00:00,Efland,North Carolina,443,"Reducing your debt (credit cards, mortgage, student loans)",Y
2083401218,2026-09-07 15:26:37,2026-09-06 21:40:00,Orem,Utah,801,Other,Y
3155092939,2026-09-07 15:26:54,2026-09-07 13:16:00,OGDENSBURG,New York,315,Other,Y
2083401218,2026-09-07 15:27:33,2026-09-06 21:41:00,Orem,Utah,801,Other,Y
8304218626,2026-09-07 15:27:41,2026-09-07 08:04:00,"Surprise, AZ",Arizona,623,Dropped call or no message,N
9452029956,2026-09-07 15:28:04,2026-09-03 17:20:00,Austin,Texas,512,Dropped call or no message,N
2832109975,2026-09-07 15:28:13,2026-09-07 17:57:00,Ocala,Florida,786,"Calls pretending to be government, businesses, or family and friends",N
8569429831,2026-09-07 15:28:26,2026-09-07 12:27:00,,California,310,No Subject Provided,Y
8008052739,2026-09-07 15:28:31,2026-09-07 16:00:00,Everett,Washington,206,"Calls pretending to be government, businesses, or family and friends",N
,2026-09-07 15:28:38,2026-09-07 00:00:00,Gainesville,Georgia,706,"Calls pretending to be government, businesses, or family and friends",N
8432028733,2026-09-07 15:28:40,2026-09-07 15:23:00,Bradenton,Florida,413,"Reducing your debt (credit cards, mortgage, student loans)",N
7792614475,2026-09-07 15:28:41,2026-09-07 13:57:00,Chicago,Illinois,312,Other,
4806909550,2026-09-07 15:28:48,2026-09-07 12:06:00,,Arizona,480,Other,
,2026-09-07 15:28:57,2026-08-20 12:00:00,Lodi,California,209,"Energy, solar,  & utilities",N
7044335580,2026-09-07 15:29:03,2026-09-07 15:00:00,Statesville,North Carolina,704,Other,N
8332600573,2026-09-07 15:29:25,2026-09-03 17:56:00,Austin,Texas,512,Dropped call or no message,N
9129379621,2026-09-07 15:29:32,2026-09-07 14:27:00,,Oklahoma,912,Medical  & prescriptions,Y
3154621221,2026-09-07 15:29:36,2026-09-05 11:44:00,OGDENSBURG,New York,315,No Subject Provided,Y
8155717563,2026-09-07 15:29:55,2026-09-07 11:52:00,Chicago,Illinois,312,Other,Y
5128556940,2026-09-07 15:30:30,2026-09-04 15:23:00,Austin,Texas,512,Dropped call or no message,N
4472134715,2026-09-07 15:30:38,2026-09-07 11:04:00,Chicago,Illinois,312,Other,Y
8449276229,2026-09-07 15:31:11,2026-09-07 14:28:00,Old Bridge,New Jersey,732,"Reducing your debt (credit cards, mortgage, student loans)",Y
5127374218,2026-09-07 15:31:25,2026-09-07 10:19:00,Austin,Texas,512,Dropped call or no message,N
2702169834,2026-09-07 15:31:27,2026-09-07 13:35:00,Hopkinsville,Kentucky,614,Dropped call or no message,Y
8043619788,2026-09-07 15:31:56,2026-09-07 00:00:00,Va,Virginia,804,Dropped call or no message,
5192916203,2026-09-07 15:32:10,2026-09-07 15:00:00,Belmont,New Hampshire,603,"Calls pretending to be government, businesses, or family and friends",Y
7276156808,2026-09-07 15:32:12,2026-09-07 16:34:00,Austin,Texas,512,Other,Y
9452029848,2026-09-07 15:32:14,2026-09-07 14:21:00,Austin,Texas,512,Dropped call or no message,N
4632337929,2026-09-07 15:32:31,2026-09-07 18:40:00,Richmond Hill,Georgia,317,Other,N
6134256110,2026-09-07 15:33:21,2026-09-07 13:10:00,Belmont,New Hampshire,603,"Calls pretending to be government, businesses, or family and friends",Y
7724448267,2026-09-07 15:33:25,2026-09-07 15:30:00,,Michigan,616,"Reducing your debt (credit cards, mortgage, student loans)",Y
8778835130,2026-09-07 15:33:27,2026-09-07 14:15:00,Ferndale,Michigan,248,"Reducing your debt (credit cards, mortgage, student loans)",Y
8436491374,2026-09-07 15:33:48,2026-09-07 15:04:00,Aiken,South Carolina,803,Vacation  & timeshares,Y
5152948702,2026-09-07 15:33:50,2026-09-07 14:31:00,,Iowa,515,Home improvement  & cleaning,Y
3152011580,2026-09-07 15:34:02,2026-09-04 15:58:00,OGDENSBURG,New York,315,Other,Y
2702383331,2026-09-07 15:34:13,2026-09-07 09:34:00,Hopkinsville,Kentucky,614,Dropped call or no message,Y
9043204858,2026-09-07 15:34:13,2026-09-07 15:32:00,,Florida,904,Dropped call or no message,N
2043031948,2026-09-07 15:34:16,2026-09-07 14:45:00,Lawrenceville,New Jersey,561,"Reducing your debt (credit cards, mortgage, student loans)",N
4805166598,2026-09-07 15:34:34,2026-09-07 00:00:00,Joshua Tree,California,626,Work from home  & other ways to make money,Y
5309777551,2026-09-07 15:34:49,2026-09-07 14:05:00,,North Dakota,701,"Reducing your debt (credit cards, mortgage, student loans)",N
9035278827,2026-09-07 15:35:05,2026-09-05 15:32:00,Wesley Chapel,Florida,813,Other,Y
6024499129,2026-09-07 15:35:18,2026-09-07 12:15:00,Peoria,Arizona,602,Other,Y
3153335416,2026-09-07 15:35:31,2026-09-03 14:00:00,OGDENSBURG,New York,315,Other,Y
8339285458,2026-09-07 15:35:49,2026-09-07 15:10:00,,Massachusetts,508,Other,Y
2704671199,2026-09-07 15:36:23,2026-09-07 18:56:00,Hopkinsville,Kentucky,614,Dropped call or no message,Y
3152742212,2026-09-07 15:36:50,2026-09-02 18:52:00,OGDENSBURG,New York,315,Other,Y
8432539152,2026-09-07 15:37:08,2026-09-03 10:39:00,Aiken,South Carolina,803,Vacation  & timeshares,Y
8569429947,2026-09-07 15:37:27,2026-09-07 13:37:00,Wesley Chapel,Florida,813,Other,Y
2022097335,2026-09-07 15:37:36,2026-09-07 15:05:00,PEARISBURG,Virginia,301,Other,N
7139002520,2026-09-07 15:37:47,2026-09-07 14:33:00,Houston,Texas,832,Other,N
8665560640,2026-09-07 15:37:58,2026-09-07 12:39:00,east sandwich,Massachusetts,774,"Reducing your debt (credit cards, mortgage, student loans)",Y
3152742310,2026-09-07 15:38:11,2026-09-02 16:57:00,OGDENSBURG,New York,315,Other,Y
3173274337,2026-09-07 15:38:15,2026-08-17 11:17:00,,Indiana,317,Other,N
8889909357,2026-09-07 15:38:45,2026-03-19 16:12:00,Alexandria,Virginia,703,"Reducing your debt (credit cards, mortgage, student loans)",Y
2702383548,2026-09-07 15:38:49,2026-09-05 14:39:00,Hopkinsville,Kentucky,614,Dropped call or no message,Y
5182479291,2026-09-07 15:40:14,2026-08-20 20:52:00,OGDENSBURG,New York,315,Other,Y
3302686755,2026-09-07 15:40:26,2026-09-07 03:33:00,Canton,Ohio,330,"Reducing your debt (credit cards, mortgage, student loans)",N
3176890111,2026-09-07 15:40:29,2026-08-17 11:38:00,,Indiana,317,Other,N
6023429480,2026-09-07 15:40:42,2026-09-07 11:29:00,Tucson,Arizona,520,Vacation  & timeshares,Y
5406190445,2026-09-07 15:40:51,2026-09-07 14:34:00,Chester,South Carolina,862,"Calls pretending to be government, businesses, or family and friends",Y
,2026-09-07 15:40:56,2026-09-07 15:30:00,,Indiana,317,Other,Y
8665565894,2026-09-07 15:41:03,2026-09-07 15:39:00,Kalamazoo,Michigan,616,"Reducing your debt (credit cards, mortgage, student loans)",Y
3366896002,2026-09-07 15:41:08,2026-09-07 19:25:00,Thomasville,North Carolina,336,"Reducing your debt (credit cards, mortgage, student loans)",Y
6072145017,2026-09-07 15:41:28,2026-09-07 12:00:00,Los Angeles,California,415,Work from home  & other ways to make money,N
8014388743,2026-09-07 15:41:31,2026-03-20 11:49:00,Alexandria,Virginia,703,"Reducing your debt (credit cards, mortgage, student loans)",Y
5182479291,2026-09-07 15:41:32,2026-08-20 19:37:00,OGDENSBURG,New York,315,No Subject Provided,Y
,2026-09-07 15:41:35,2026-09-07 02:30:00,,Indiana,317,Other,Y
5572108310,2026-09-07 15:41:40,2026-09-02 13:13:00,Plano,Texas,940,"Calls pretending to be government, businesses, or family and friends",Y
2506060735,2026-09-07 15:41:50,2026-08-31 00:00:00,Midlothian,Texas,817,"Reducing your debt (credit cards, mortgage, student loans)",Y
5154177767,2026-09-07 15:42:10,2026-09-07 14:39:00,,Iowa,515,Other,Y
,2026-09-07 15:42:13,2026-09-07 13:29:00,,Indiana,317,Other,Y
3022558000,2026-09-07 15:42:20,2026-09-05 14:11:00,,North Dakota,701,"Calls pretending to be government, businesses, or family and friends",N
4343228290,2026-09-07 15:42:22,2026-09-07 15:39:00,Chester,South Carolina,862,"Reducing your debt (credit cards, mortgage, student loans)",Y
3155331732,2026-09-07 15:42:39,2026-08-20 18:42:00,OGDENSBURG,New York,315,Other,Y
7606163856,2026-09-07 15:42:48,2026-09-07 12:40:00,Yorba Linda,California,330,"Energy, solar,  & utilities",N
3172453769,2026-09-07 15:43:00,2026-08-18 14:28:00,,Indiana,317,Other,N
,2026-09-07 15:43:28,2026-03-20 17:22:00,Alexandria,Virginia,703,Other,Y
9403818129,2026-09-07 15:43:44,2026-08-28 11:11:00,Plano,Texas,940,"Calls pretending to be government, businesses, or family and friends",Y
5182479273,2026-09-07 15:43:49,2026-08-20 18:33:00,OGDENSBURG,New York,315,Other,Y
8889139983,2026-09-07 15:44:41,2026-09-07 15:40:00,NAPLES,Florida,239,Other,N
5592146997,2026-09-07 15:44:50,2026-08-31 16:24:00,Jonesboro,Georgia,404,"Lotteries, prizes  & sweepstakes",N
5182479268,2026-09-07 15:45:17,2026-08-19 20:06:00,OGDENSBURG,New York,315,Other,Y
3176890111,2026-09-07 15:45:30,2026-08-18 16:10:00,,Indiana,317,Other,N
9125756745,2026-09-07 15:45:54,2026-09-07 14:44:00,,Oklahoma,912,Medical  & prescriptions,Y
8444461617,2026-09-07 15:46:07,2026-09-07 13:41:00,Colorado springs,Colorado,719,"Reducing your debt (credit cards, mortgage, student loans)",Y
8555647434,2026-09-07 15:46:15,2026-09-07 00:00:00,,Michigan,248,No Subject Provided,Y
8552930277,2026-09-07 15:46:19,2026-03-23 15:56:00,Alexandria,Virginia,703,"Reducing your debt (credit cards, mortgage, student loans)",Y
3176890111,2026-09-07 15:46:21,2026-08-18 17:20:00,,Indiana,317,Other,N
8558064699,2026-09-07 15:47:13,2026-09-07 11:59:00,Colorado springs,Colorado,719,"Reducing your debt (credit cards, mortgage, student loans)",Y
8778837077,2026-09-07 15:47:17,2026-09-06 00:00:00,,Michigan,248,No Subject Provided,Y
3179285,2026-09-07 15:47:26,2026-08-18 18:52:00,,Indiana,317,Other,N
7258999675,2026-09-07 15:47:34,2026-09-07 00:00:00,North Las Vegas,Nevada,702,Other,Y
8664994794,2026-09-07 15:47:36,2026-09-06 00:00:00,,Michigan,248,No Subject Provided,Y
,2026-09-07 15:47:58,2026-03-23 17:41:00,Alexandria,Virginia,703,Other,Y
5129460067,2026-09-07 15:47:58,2026-09-07 18:34:00,Elgin,Texas,512,"Calls pretending to be government, businesses, or family and friends",N
8336726033,2026-09-07 15:48:01,2026-09-04 00:00:00,,Michigan,248,No Subject Provided,Y
3155339896,2026-09-07 15:48:22,2026-08-19 15:31:00,OGDENSBURG,New York,315,Other,Y
8609879850,2026-09-07 15:48:43,2026-09-07 19:28:00,Galloway,Ohio,614,Other,N
9805982877,2026-09-07 15:48:51,2026-09-07 14:00:00,,Georgia,229,"Calls pretending to be government, businesses, or family and friends",N
8778838590,2026-09-07 15:49:08,2026-09-04 16:51:00,Colorado springs,Colorado,719,"Reducing your debt (credit cards, mortgage, student loans)",Y
5878684339,2026-09-07 15:49:17,2026-09-04 17:34:00,San Diego,California,619,"Reducing your debt (credit cards, mortgage, student loans)",Y
3478928750,2026-09-07 15:49:19,2026-09-07 12:20:00,Florissant,Missouri,314,Other,Y
9897048356,2026-09-07 15:49:40,2026-09-07 12:24:00,,California,408,"Reducing your debt (credit cards, mortgage, student loans)",Y
,2026-09-07 15:49:44,2026-09-07 09:11:00,Catalina,Arizona,810,Other,N
8555647957,2026-09-07 15:49:48,2026-09-07 15:14:00,Absecon,New Jersey,609,Other,Y
9192988619,2026-09-07 15:49:48,2026-09-07 12:49:00,,District of Columbia,202,"Reducing your debt (credit cards, mortgage, student loans)",Y
3155489270,2026-09-07 15:50:03,2026-08-18 15:44:00,OGDENSBURG,New York,315,Other,Y
8333641423,2026-09-07 15:50:13,2026-03-24 13:10:00,Alexandria,Virginia,703,"Reducing your debt (credit cards, mortgage, student loans)",Y
3369170907,2026-09-07 15:50:16,2026-09-07 14:57:00,RALEIGH,North Carolina,919,Other,N
8449404820,2026-09-07 15:50:18,2026-09-04 10:21:00,Colorado springs,Colorado,719,"Reducing your debt (credit cards, mortgage, student loans)",Y
6072145017,2026-09-07 15:50:30,2026-09-07 00:00:00,Los Angeles,California,415,Other,N
9035605275,2026-09-07 15:50:38,2026-09-07 15:34:00,Miami,Florida,305,"Reducing your debt (credit cards, mortgage, student loans)",Y
3174664366,2026-09-07 15:50:56,2026-08-20 09:39:00,,Indiana,317,Other,N
7152556777,2026-09-07 15:50:56,2026-09-07 14:35:00,marinette,Wisconsin,715,Other,Y
1878835785,2026-09-07 15:51:31,2026-09-03 18:29:00,Colorado springs,Colorado,719,"Reducing your debt (credit cards, mortgage, student loans)",Y
3158381010,2026-09-07 15:51:35,2026-08-18 10:40:00,OGDENSBURG,New York,315,Other,Y
8449405069,2026-09-07 15:52:03,2026-09-07 13:00:00,,Virginia,571,"Reducing your debt (credit cards, mortgage, student loans)",Y
3174229879,2026-09-07 15:52:34,2026-08-20 10:08:00,,Indiana,317,Other,N
8665565490,2026-09-07 15:52:42,2026-09-03 14:34:00,Colorado springs,Colorado,719,"Reducing your debt (credit cards, mortgage, student loans)",Y
6103351160,2026-09-07 15:52:44,2026-09-04 20:45:00,,Pennsylvania,610,Dropped call or no message,Y
3154094845,2026-09-07 15:53:02,2026-08-14 11:35:00,OGDENSBURG,New York,315,No Subject Provided,Y
3176890111,2026-09-07 15:53:29,2026-08-20 18:36:00,,Indiana,317,Other,N
8776221312,2026-09-07 15:53:40,2026-03-25 17:54:00,Alexandria,Virginia,703,"Reducing your debt (credit cards, mortgage, student loans)",Y
4194261879,2026-09-07 15:53:51,2026-09-07 00:00:00,Toledo,Ohio,419,Other,Y
4126794056,2026-09-07 15:54:08,2026-09-07 00:00:00,"Homestead, PA",Pennsylvania,412,Other,N
7608181469,2026-09-07 15:54:10,2026-09-07 08:05:00,Denver,Colorado,303,Work from home  & other ways to make money,Y
8883102379,2026-09-07 15:54:25,2026-09-04 20:42:00,Queen Creek,Arizona,385,"Reducing your debt (credit cards, mortgage, student loans)",Y
4195495397,2026-09-07 15:54:35,2026-09-07 00:00:00,Toledo,Ohio,419,Other,Y
7163501814,2026-09-07 15:54:36,2026-08-13 15:49:00,OGDENSBURG,New York,315,No Subject Provided,Y
4197252964,2026-09-07 15:54:40,2026-08-29 16:00:00,Toledo,Ohio,419,Other,Y
4195009276,2026-09-07 15:55:14,2026-09-07 00:00:00,Toledo,Ohio,419,No Subject Provided,Y
4707549544,2026-09-07 15:55:21,2026-09-05 11:36:00,Denver,Colorado,303,Work from home  & other ways to make money,Y
3176890111,2026-09-07 15:55:32,2026-08-24 18:09:00,,Indiana,317,Other,N
3158539422,2026-09-07 15:55:40,2026-08-12 10:16:00,OGDENSBURG,New York,315,No Subject Provided,Y
7078884217,2026-09-07 15:55:43,2026-09-07 13:17:00,Volo,Illinois,847,Other,N
,2026-09-07 15:55:45,2026-03-26 14:39:00,Alexandria,Virginia,703,Other,Y
4197252976,2026-09-07 15:55:50,2026-08-31 11:09:00,Toledo,Ohio,419,Other,Y
4198259621,2026-09-07 15:55:51,2026-09-07 00:00:00,Toledo,Ohio,419,No Subject Provided,Y
4172254295,2026-09-07 15:55:59,2026-09-07 19:11:00,Milford,Connecticut,203,"Reducing your debt (credit cards, mortgage, student loans)",N
5189164849,2026-09-07 15:56:08,2026-09-05 09:09:00,Denver,Colorado,303,Work from home  & other ways to make money,Y
4197738410,2026-09-07 15:56:24,2026-09-07 00:00:00,Toledo,Ohio,419,No Subject Provided,Y
4197254140,2026-09-07 15:56:34,2026-08-31 12:01:00,Toledo,Ohio,419,Other,Y
3172843769,2026-09-07 15:56:40,2026-08-25 18:55:00,,Indiana,317,Other,N
8482166434,2026-09-07 15:56:46,2026-09-07 03:48:00,,New Jersey,973,"Calls pretending to be government, businesses, or family and friends",Y
3152387028,2026-09-07 15:56:47,2026-08-11 16:41:00,OGDENSBURG,New York,315,Other,Y
2126931033,2026-09-07 15:56:47,2026-09-07 12:00:00,Eupora,Mississippi,662,"Calls pretending to be government, businesses, or family and friends",N
4199991312,2026-09-07 15:57:01,2026-09-07 00:00:00,Toledo,Ohio,419,No Subject Provided,Y
3213311398,2026-09-07 15:57:02,2026-09-07 15:43:00,Oviedo,Florida,321,Home improvement  & cleaning,N
8555647857,2026-09-07 15:57:09,2026-09-07 14:43:00,Omaha,Nebraska,402,"Calls pretending to be government, businesses, or family and friends",Y
4192888177,2026-09-07 15:57:13,2026-08-31 14:30:00,Toledo,Ohio,419,Other,Y
7867430198,2026-09-07 15:57:23,2026-09-04 17:51:00,Denver,Colorado,303,Work from home  & other ways to make money,Y
8889051759,2026-09-07 15:57:33,2026-09-04 19:26:00,Queen Creek,Arizona,385,"Reducing your debt (credit cards, mortgage, student loans)",Y
4196849080,2026-09-07 15:57:37,2026-09-07 00:00:00,Toledo,Ohio,419,No Subject Provided,Y
,2026-09-07 15:57:51,2026-03-26 20:01:00,Alexandria,Virginia,703,Other,Y
2045856972,2026-09-07 15:57:54,2026-08-31 15:24:00,Toledo,Ohio,419,Other,Y
9855290269,2026-09-07 15:58:05,2026-08-11 16:37:00,OGDENSBURG,New York,315,Other,Y
4045514593,2026-09-07 15:58:10,2026-09-07 00:00:00,,Georgia,404,Other,N
4199389607,2026-09-07 15:58:15,2026-09-07 00:00:00,Toledo,Ohio,419,No Subject Provided,Y
9706875274,2026-09-07 15:58:21,2026-09-04 13:56:00,Denver,Colorado,303,Work from home  & other ways to make money,Y
4754474944,2026-09-07 15:58:36,2026-09-01 12:25:00,Toledo,Ohio,419,Other,Y
8006971662,2026-09-07 15:58:53,2026-09-04 00:10:00,Jeffersonville,Georgia,856,"Calls pretending to be government, businesses, or family and friends",Y
4197254078,2026-09-07 15:59:08,2026-09-01 15:00:00,Toledo,Ohio,419,Other,Y
2169982934,2026-09-07 15:59:10,2026-09-07 00:00:00,Toledo,Ohio,419,No Subject Provided,Y
7748010835,2026-09-07 15:59:14,2026-09-03 17:07:00,Denver,Colorado,303,Work from home  & other ways to make money,Y
8444461617,2026-09-07 15:59:21,2026-09-07 14:41:00,Oklahoma City,Oklahoma,703,Other,Y
3157485016,2026-09-07 15:59:26,2026-08-11 11:50:00,OGDENSBURG,New York,315,Other,Y
3176890111,2026-09-07 15:59:26,2026-08-24 19:06:00,,Indiana,317,Other,N
8144013125,2026-09-07 15:59:44,2026-09-07 15:55:00,Mill Creek,Pennsylvania,814,Other,N
8883102379,2026-09-07 15:59:47,2026-09-04 20:47:00,Queen Creek,Arizona,385,"Reducing your debt (credit cards, mortgage, student loans)",Y
8449572193,2026-09-07 15:59:50,2026-09-02 09:05:00,Toledo,Ohio,419,Other,Y
4196143631753,2026-09-07 15:59:51,2026-09-07 00:00:00,Toledo,Ohio,419,No Subject Provided,Y
8444570159,2026-09-07 15:59:59,2026-03-27 15:59:00,Alexandria,Virginia,703,"Reducing your debt (credit cards, mortgage, student loans)",Y
4045371333,2026-09-07 15:59:59,2026-09-07 12:45:00,,Georgia,404,Other,N
8665565081,2026-09-07 16:00:01,2026-09-07 12:56:00,,Maryland,443,Other,
7208131867,2026-09-07 16:00:06,2026-09-03 12:03:00,Denver,Colorado,303,Work from home  & other ways to make money,Y
8337755046,2026-09-07 16:00:21,2026-09-07 12:51:00,Oklahoma City,Oklahoma,703,Other,Y
4055072464,2026-09-07 16:00:23,2026-09-07 14:57:00,Purcell,Oklahoma,405,Vacation  & timeshares,N
8336725340,2026-09-07 16:00:23,2026-08-28 12:00:00,Augusta,Georgia,305,"Reducing your debt (credit cards, mortgage, student loans)",Y
4192147384,2026-09-07 16:00:31,2026-09-02 11:45:00,Toledo,Ohio,419,Other,Y
6143501782,2026-09-07 16:00:33,2026-09-07 00:00:00,Toledo,Ohio,419,No Subject Provided,Y
4187527132,2026-09-07 16:00:38,2026-09-07 12:18:00,,California,562,"Reducing your debt (credit cards, mortgage, student loans)",
,2026-09-07 16:00:41,2026-09-07 11:55:00,,,877,"Reducing your debt (credit cards, mortgage, student loans)",Y
4703153482,2026-09-07 16:00:44,2026-09-07 00:00:00,Atlanta,Georgia,470,Other,
7866999130,2026-09-07 16:00:47,2026-09-03 11:06:00,Denver,Colorado,303,Work from home  & other ways to make money,Y
9169135755,2026-09-07 16:00:48,2026-09-07 16:45:00,Sacramento,California,916,Other,Y
8774280286,2026-09-07 16:01:06,2026-09-07 00:00:00,Toledo,Ohio,419,No Subject Provided,Y
8447574388,2026-09-07 16:01:07,2026-09-07 08:26:00,Oklahoma City,Oklahoma,703,Other,Y
3195433069,2026-09-07 16:01:14,2026-09-02 12:20:00,Toledo,Ohio,419,Other,Y
3312362438,2026-09-07 16:01:30,2026-09-07 00:58:00,scottsdale,Arizona,310,Other,Y
9096793533,2026-09-07 16:01:34,2026-09-03 10:34:00,Denver,Colorado,303,Work from home  & other ways to make money,Y
6673214550,2026-09-07 16:01:40,2026-09-07 15:00:00,Farmer City,Illinois,217,"Reducing your debt (credit cards, mortgage, student loans)",Y
8778834133,2026-09-07 16:01:46,2026-09-05 00:00:00,Oklahoma City,Oklahoma,703,Other,Y
9285291539,2026-09-07 16:01:48,2026-07-30 12:33:00,,Arizona,480,Other,Y
3523660495,2026-09-07 16:01:50,2026-09-06 00:00:00,,Florida,352,Other,Y
6502155255,2026-09-07 16:01:56,2026-09-07 15:44:00,,Arizona,480,"Calls pretending to be government, businesses, or family and friends",Y
4192147718,2026-09-07 16:01:57,2026-09-02 13:35:00,Toledo,Ohio,419,Other,Y
4022801031,2026-09-07 16:02:03,2026-09-07 14:56:00,Hastings,Nebraska,402,Home improvement  & cleaning,Y
8336632116,2026-09-07 16:02:06,2026-09-07 00:00:00,,Michigan,248,No Subject Provided,Y
2314340922,2026-09-07 16:02:10,2026-09-07 12:19:00,,Michigan,231,"Reducing your debt (credit cards, mortgage, student loans)",Y
9025054246,2026-09-07 16:02:23,2026-09-07 16:00:00,THOMASTON,Georgia,706,"Reducing your debt (credit cards, mortgage, student loans)",Y
8447572015,2026-09-07 16:02:28,2026-09-04 19:41:00,Oklahoma City,Oklahoma,703,Other,Y
8553572026,2026-09-07 16:02:34,2026-09-05 15:03:00,Queen Creek,Arizona,385,"Reducing your debt (credit cards, mortgage, student loans)",Y
7712169524,2026-09-07 16:02:38,2026-09-02 15:10:00,Toledo,Ohio,419,Other,Y
5133278766,2026-09-07 16:02:38,2026-09-07 12:00:00,Boaz,Alabama,256,"Lotteries, prizes  & sweepstakes",N
8667931229,2026-09-07 16:02:57,2026-03-27 16:30:00,Alexandria,Virginia,703,Other,Y
3213192464,2026-09-07 16:02:59,2026-09-07 00:00:00,Oviedo,Florida,321,Home improvement  & cleaning,Y
4195730254,2026-09-07 16:03:00,2026-09-07 00:00:00,Toledo,Ohio,419,No Subject Provided,
9027545297,2026-09-07 16:03:03,2026-09-02 16:19:00,,Texas,325,"Reducing your debt (credit cards, mortgage, student loans)",Y
8559194555,2026-09-07 16:03:08,2026-09-04 15:56:00,Oklahoma City,Oklahoma,703,Other,Y
4193019733,2026-09-07 16:03:19,2026-09-03 10:58:00,Toledo,Ohio,419,No Subject Provided,Y
8883731969,2026-09-07 16:03:28,2026-09-07 00:00:00,Toledo,Ohio,419,No Subject Provided,Y
,2026-09-07 16:03:40,2026-09-04 15:00:00,Oklahoma City,Oklahoma,703,Other,Y
4807695695,2026-09-07 16:03:43,2026-08-11 09:56:00,,Arizona,480,Other,Y
3048677068,2026-09-07 16:03:51,2026-09-03 10:35:00,,Texas,325,"Reducing your debt (credit cards, mortgage, student loans)",Y
8665561487,2026-09-07 16:03:55,2026-09-07 15:57:00,ORLANDO,Florida,407,"Reducing your debt (credit cards, mortgage, student loans)",Y
5619463124,2026-09-07 16:03:58,2026-09-04 15:31:00,,Florida,561,"Reducing your debt (credit cards, mortgage, student loans)",Y
5863250283,2026-09-07 16:04:00,2026-09-07 00:00:00,Toledo,Ohio,419,No Subject Provided,Y
2503745402,2026-09-07 16:04:01,2026-09-03 13:05:00,Toledo,Ohio,419,No Subject Provided,Y
7325748462,2026-09-07 16:04:17,2026-09-07 15:54:00,MONROE TOWNSHIP,New Jersey,732,Home improvement  & cleaning,Y
8558061437,2026-09-07 16:04:21,2026-09-04 11:53:00,Oklahoma City,Oklahoma,703,Other,Y
3093129642,2026-09-07 16:04:27,2026-09-05 16:35:00,Queen Creek,Arizona,385,"Reducing your debt (credit cards, mortgage, student loans)",Y
7817902099,2026-09-07 16:04:32,2026-09-03 10:56:00,,Texas,325,"Reducing your debt (credit cards, mortgage, student loans)",Y
2162369390,2026-09-07 16:04:32,2026-09-03 16:00:00,Toledo,Ohio,419,No Subject Provided,Y
6032155438,2026-09-07 16:04:53,2026-09-07 00:00:00,Toledo,Ohio,419,No Subject Provided,Y
4192888675,2026-09-07 16:05:14,2026-09-04 11:10:00,Toledo,Ohio,419,No Subject Provided,Y
3172453768,2026-09-07 16:05:17,2026-08-25 14:59:00,,Indiana,317,Other,N
7248049815,2026-09-07 16:05:21,2026-09-03 13:42:00,,Texas,325,"Reducing your debt (credit cards, mortgage, student loans)",Y
8778751544,2026-09-07 16:05:26,2026-03-30 10:50:00,Alexandria,Virginia,703,"Reducing your debt (credit cards, mortgage, student loans)",Y
8664964076,2026-09-07 16:05:29,2026-09-01 13:02:00,Nc,North Carolina,910,"Reducing your debt (credit cards, mortgage, student loans)",Y
4809449662,2026-09-07 16:05:29,2026-08-12 11:26:00,,Arizona,480,Other,Y
4195811776,2026-09-07 16:05:33,2026-09-07 00:00:00,Toledo,Ohio,419,No Subject Provided,Y
,2026-09-07 16:05:41,2026-09-04 15:43:00,,Massachusetts,774,"Reducing your debt (credit cards, mortgage, student loans)",Y
4192888908,2026-09-07 16:05:54,2026-09-04 13:36:00,Toledo,Ohio,419,No Subject Provided,Y
8449276079,2026-09-07 16:05:59,2026-09-07 15:41:00,Sterling Heights,Michigan,586,Other,Y
4194940108,2026-09-07 16:06:05,2026-09-07 00:00:00,Toledo,Ohio,419,No Subject Provided,Y
8665543950,2026-09-07 16:06:06,2026-09-07 16:01:00,,Tennessee,901,"Reducing your debt (credit cards, mortgage, student loans)",Y
7432864496,2026-09-07 16:06:06,2026-09-03 15:54:00,,Texas,325,"Reducing your debt (credit cards, mortgage, student loans)",Y
9312999415,2026-09-07 16:06:25,2026-09-04 14:00:00,Toledo,Ohio,419,No Subject Provided,Y
9497924647,2026-09-07 16:06:40,2026-09-07 13:04:00,,California,310,Other,Y
4199633242,2026-09-07 16:06:41,2026-09-07 00:00:00,Toledo,Ohio,419,No Subject Provided,Y
2178349513,2026-09-07 16:06:47,2026-09-07 13:35:00,Queen Creek,Arizona,385,"Reducing your debt (credit cards, mortgage, student loans)",Y
2602842012,2026-09-07 16:06:50,2026-08-25 18:55:00,,Indiana,317,Other,N
2545578920,2026-09-07 16:06:53,2026-09-03 16:05:00,,Texas,325,"Reducing your debt (credit cards, mortgage, student loans)",Y
4197254232,2026-09-07 16:06:56,2026-09-04 00:00:00,Toledo,Ohio,419,No Subject Provided,Y
4502082432,2026-09-07 16:06:57,2026-09-01 00:00:00,Nc,North Carolina,910,"Reducing your debt (credit cards, mortgage, student loans)",Y
4809449662,2026-09-07 16:07:07,2026-08-13 10:34:00,,Arizona,480,Other,Y
2169981161,2026-09-07 16:07:22,2026-09-03 09:04:00,Denver,Colorado,303,Work from home  & other ways to make money,Y
4237129612,2026-09-07 16:07:34,2026-09-03 17:12:00,,Texas,325,"Reducing your debt (credit cards, mortgage, student loans)",Y
2167141988,2026-09-07 16:07:35,2026-09-05 10:09:00,Toledo,Ohio,419,No Subject Provided,Y
7075909293,2026-09-07 16:07:38,2026-09-07 12:36:00,,California,707,"Energy, solar,  & utilities",N
,2026-09-07 16:07:44,2026-09-07 14:55:00,,New York,631,"Reducing your debt (credit cards, mortgage, student loans)",N
9137245344,2026-09-07 16:07:54,2026-09-07 11:35:00,,Kansas,913,No Subject Provided,
4193012119,2026-09-07 16:08:10,2026-09-05 11:36:00,Toledo,Ohio,419,No Subject Provided,Y
9493886144,2026-09-07 16:08:10,2026-09-07 12:03:00,,California,310,Other,Y
,2026-09-07 16:08:14,2026-09-07 14:00:00,,California,415,"Reducing your debt (credit cards, mortgage, student loans)",Y
8156911439,2026-09-07 16:08:18,2026-09-07 15:05:00,Memphis,Tennessee,931,"Reducing your debt (credit cards, mortgage, student loans)",Y
3172453769,2026-09-07 16:08:20,2026-08-25 19:06:00,,Indiana,317,Other,N
2708686027,2026-09-07 16:08:21,2026-09-03 17:26:00,,Texas,325,"Reducing your debt (credit cards, mortgage, student loans)",Y
5186288726,2026-09-07 16:08:43,2026-09-05 13:27:00,Toledo,Ohio,419,No Subject Provided,Y
8558011297,2026-09-07 16:08:48,2026-09-07 16:53:00,Queen Creek,Arizona,385,"Reducing your debt (credit cards, mortgage, student loans)",Y
9135133422,2026-09-07 16:08:55,2026-09-07 11:46:00,,Kansas,913,No Subject Provided,
,2026-09-07 16:08:56,2026-09-07 13:00:00,Nc,North Carolina,910,"Reducing your debt (credit cards, mortgage, student loans)",Y
,2026-09-07 16:08:59,2026-09-01 12:00:00,Amarillo,Texas,806,"Reducing your debt (credit cards, mortgage, student loans)",Y
2058501675,2026-09-07 16:09:00,2026-09-07 15:00:00,Hoover,Alabama,205,Other,Y
8338164358,2026-09-07 16:09:01,2026-09-04 10:38:00,,Texas,325,"Reducing your debt (credit cards, mortgage, student loans)",Y
4806025284,2026-09-07 16:09:03,2026-08-26 16:54:00,,Arizona,480,Other,Y
4196645670,2026-09-07 16:09:13,2026-09-05 16:06:00,Toledo,Ohio,419,No Subject Provided,Y
4848991271,2026-09-07 16:09:19,2026-09-07 13:34:00,Alto,Michigan,703,"Reducing your debt (credit cards, mortgage, student loans)",Y
9135218752,2026-09-07 16:09:20,2026-09-07 14:05:00,,Kansas,913,No Subject Provided,
9897048356,2026-09-07 16:09:36,2026-09-07 14:24:00,Naperville,Illinois,630,Other,Y
8456303497,2026-09-07 16:09:47,2026-09-04 10:39:00,,Texas,325,"Reducing your debt (credit cards, mortgage, student loans)",Y
7157678561,2026-09-07 16:09:54,2026-09-06 09:07:00,Toledo,Ohio,419,No Subject Provided,Y
9302758966,2026-09-07 16:09:58,2026-09-03 17:01:00,Gold Canyon,Arizona,719,"Reducing your debt (credit cards, mortgage, student loans)",Y
7625999185,2026-09-07 16:10:00,2026-08-27 10:39:00,,Indiana,317,Other,N
9133866169,2026-09-07 16:10:05,2026-09-07 16:00:00,,Kansas,913,No Subject Provided,
7027587259,2026-09-07 16:10:27,2026-09-07 00:14:00,Pahrump,Nevada,702,Other,N
5755544298,2026-09-07 16:10:28,2026-09-04 13:17:00,,Texas,325,"Reducing your debt (credit cards, mortgage, student loans)",Y
7058573751,2026-09-07 16:10:28,2026-09-06 14:20:00,Toledo,Ohio,419,No Subject Provided,Y
8447573770,2026-09-07 16:10:49,2026-09-07 14:20:00,Dacula,Georgia,313,Other,Y
3174589285,2026-09-07 16:10:55,2026-08-27 12:43:00,,Indiana,317,Other,N
9133869421,2026-09-07 16:10:58,2026-09-05 12:15:00,,Kansas,913,No Subject Provided,
8635093990,2026-09-07 16:11:00,2026-09-07 14:24:00,Naperville,Illinois,630,Other,Y
4136011088,2026-09-07 16:11:06,2026-09-04 13:37:00,,Texas,325,"Reducing your debt (credit cards, mortgage, student loans)",Y
4193019733,2026-09-07 16:11:07,2026-09-07 09:22:00,Toledo,Ohio,419,No Subject Provided,Y
7752977375,2026-09-07 16:11:08,2026-09-07 12:55:00,Dallas,Texas,214,Other,Y
0000000000,2026-09-07 16:11:12,2026-09-07 13:06:00,,Arizona,520,"Reducing your debt (credit cards, mortgage, student loans)",
9133822753,2026-09-07 16:11:26,2026-09-04 20:06:00,,Kansas,913,No Subject Provided,
7022024479,2026-09-07 16:11:27,2026-09-07 15:27:00,North Las Vegas,Nevada,702,"Calls pretending to be government, businesses, or family and friends",N
9548399326,2026-09-07 16:11:27,2026-09-07 03:55:00,Pembroke Pinea,Florida,954,Warranties  & protection plans,Y
4193019733,2026-09-07 16:11:36,2026-09-07 10:16:00,Toledo,Ohio,419,No Subject Provided,Y
5204138557,2026-09-07 16:11:40,2026-08-18 10:05:00,,Arizona,480,Other,Y
8333248706,2026-09-07 16:11:49,2026-08-27 18:25:00,,Indiana,317,Other,N
4033417876,2026-09-07 16:12:00,2026-09-07 15:54:00,Brooklyn,New York,646,Other,N
2043911628,2026-09-07 16:12:03,2026-09-04 15:14:00,,Texas,325,"Reducing your debt (credit cards, mortgage, student loans)",Y
9135133465,2026-09-07 16:12:07,2026-09-03 19:57:00,,Kansas,913,No Subject Provided,
8569429947,2026-09-07 16:12:07,2026-09-07 13:37:00,,Georgia,770,"Reducing your debt (credit cards, mortgage, student loans)",Y
,2026-09-07 16:12:12,2026-09-07 00:00:00,,California,760,Other,Y
8665560903,2026-09-07 16:12:13,2026-09-07 12:38:00,,New Jersey,609,"Reducing your debt (credit cards, mortgage, student loans)",Y
4197254154,2026-09-07 16:12:13,2026-09-07 10:40:00,Toledo,Ohio,419,No Subject Provided,Y
8036135877,2026-09-07 16:12:13,2026-09-07 16:05:00,Greenville,South Carolina,843,Medical  & prescriptions,N
0,2026-09-07 16:12:45,2026-09-07 12:00:00,San Antonio,Texas,210,Other,N
5077303886,2026-09-07 16:12:46,2026-09-07 13:25:00,Toledo,Ohio,419,No Subject Provided,Y
3066317476,2026-09-07 16:12:52,2026-09-04 16:11:00,,Texas,325,"Reducing your debt (credit cards, mortgage, student loans)",Y
3176664521,2026-09-07 16:12:58,2026-09-02 14:36:00,,Indiana,317,Other,N
4233938903,2026-09-07 16:13:22,2026-09-07 15:50:00,,Tennessee,423,Dropped call or no message,Y
4193130141,2026-09-07 16:13:24,2026-09-07 12:34:00,Toledo,Ohio,419,No Subject Provided,Y
5205987062,2026-09-07 16:13:26,2026-09-07 15:05:00,Cary,North Carolina,919,"Reducing your debt (credit cards, mortgage, student loans)",Y
6314839847,2026-09-07 16:13:29,2026-09-04 16:27:00,,Texas,325,"Reducing your debt (credit cards, mortgage, student loans)",Y
9282938138,2026-09-07 16:13:55,2026-08-21 14:12:00,,Arizona,480,Other,Y
4192888563,2026-09-07 16:13:58,2026-09-07 13:50:00,Toledo,Ohio,419,No Subject Provided,Y
8449014573,2026-09-07 16:14:01,2026-09-07 00:00:00,Houston,Texas,848,"Reducing your debt (credit cards, mortgage, student loans)",Y
5065927068,2026-09-07 16:14:33,2026-09-07 14:15:00,Toledo,Ohio,419,No Subject Provided,Y
5407730549,2026-09-07 16:14:59,2026-09-07 14:26:00,Cary,North Carolina,919,"Reducing your debt (credit cards, mortgage, student loans)",N
2363511448,2026-09-07 16:15:01,2026-09-07 15:31:00,,Pennsylvania,814,Other,N
4193019968,2026-09-07 16:15:04,2026-09-07 15:11:00,Toledo,Ohio,419,No Subject Provided,Y
8336727619,2026-09-07 16:15:24,2026-09-07 15:12:00,,New Jersey,609,"Reducing your debt (credit cards, mortgage, student loans)",Y
5204138557,2026-09-07 16:15:26,2026-08-21 13:26:00,,Arizona,480,Other,Y
8043766413,2026-09-07 16:15:52,2026-09-04 15:00:00,,Virginia,804,Other,Y
8449014573,2026-09-07 16:16:04,2026-09-07 00:00:00,Toledo,Ohio,419,No Subject Provided,Y
6185371277,2026-09-07 16:16:12,2026-09-07 12:44:00,Cary,North Carolina,919,"Reducing your debt (credit cards, mortgage, student loans)",Y
8158870536,2026-09-07 16:16:19,2026-08-24 12:55:00,Denver,Colorado,303,Work from home  & other ways to make money,Y
7573864359,2026-09-07 16:16:40,2026-09-07 16:15:00,Virginia Beach,Virginia,757,Other,N
,2026-09-07 16:17:00,2026-09-07 11:00:00,,New Mexico,575,"Reducing your debt (credit cards, mortgage, student loans)",Y
9035685257,2026-09-07 16:17:00,2026-09-07 13:11:00,San Marcos,California,858,"Reducing your debt (credit cards, mortgage, student loans)",Y
4632989765,2026-09-07 16:17:01,2026-09-07 14:49:00,,Indiana,317,No Subject Provided,N
8565441277,2026-09-07 16:17:15,2026-09-07 09:56:00,Cary,North Carolina,919,"Reducing your debt (credit cards, mortgage, student loans)",Y
5203359213,2026-09-07 16:17:43,2026-08-22 11:33:00,,Arizona,480,Other,Y
8013485868,2026-09-07 16:18:01,2026-09-07 15:58:00,Fairview,Tennessee,615,"Reducing your debt (credit cards, mortgage, student loans)",Y
6146558139,2026-09-07 16:18:31,2026-09-07 15:17:00,Upham,North Dakota,614,Dropped call or no message,
8665548019,2026-09-07 16:18:35,2026-09-07 16:17:00,,New Jersey,856,"Reducing your debt (credit cards, mortgage, student loans)",Y
9893005987,2026-09-07 16:18:49,2026-09-07 13:10:00,,Michigan,989,"Calls pretending to be government, businesses, or family and friends",N
8308439081,2026-09-07 16:19:09,2026-09-07 15:13:00,Pearsall,Texas,830,Other,Y
8569428596,2026-09-07 16:19:29,2026-08-25 14:50:00,Denver,Colorado,303,Work from home  & other ways to make money,Y
4808705028,2026-09-07 16:19:39,2026-08-26 11:29:00,,Arizona,480,Other,Y
6572229988,2026-09-07 16:20:11,2026-09-07 16:17:00,"Plantation,",Florida,954,"Reducing your debt (credit cards, mortgage, student loans)",Y
3178055985,2026-09-07 16:20:14,2026-09-07 04:14:00,Indianapolis,Indiana,317,Other,Y
4809921623,2026-09-07 16:21:02,2026-08-31 10:48:00,,Arizona,480,Other,Y
8137612664,2026-09-07 16:21:10,2026-09-07 15:34:00,Ishpeming,Michigan,906,Other,N
5748887988,2026-09-07 16:21:29,2026-08-25 15:25:00,Denver,Colorado,303,Work from home  & other ways to make money,Y
7253000301,2026-09-07 16:21:53,2026-09-04 16:13:00,Randleman,North Carolina,336,"Reducing your debt (credit cards, mortgage, student loans)",Y
5599270422,2026-09-07 16:22:07,2026-09-07 04:13:00,Clewiston,Florida,863,"Reducing your debt (credit cards, mortgage, student loans)",Y
9892648787,2026-09-07 16:22:19,2026-09-07 04:12:00,,Michigan,989,"Calls pretending to be government, businesses, or family and friends",N
8059102134,2026-09-07 16:22:39,2026-09-04 11:05:00,Randleman,North Carolina,336,"Reducing your debt (credit cards, mortgage, student loans)",Y
3179789693,2026-09-07 16:22:49,2026-08-10 14:26:00,,Indiana,317,Other,N
9287192257,2026-09-07 16:22:49,2026-09-01 12:21:00,,Arizona,480,Other,Y
6628564118,2026-09-07 16:23:16,2026-09-05 14:29:00,Randleman,North Carolina,336,"Reducing your debt (credit cards, mortgage, student loans)",Y
3022891702,2026-09-07 16:23:33,2026-09-06 13:55:00,,District of Columbia,202,"Reducing your debt (credit cards, mortgage, student loans)",Y
5108384237,2026-09-07 16:23:35,2026-09-07 13:20:00,,California,949,Other,Y
3179780693,2026-09-07 16:23:55,2026-08-10 14:36:00,,Indiana,317,Other,N
2507911524,2026-09-07 16:24:00,2026-09-07 15:11:00,Randleman,North Carolina,336,"Reducing your debt (credit cards, mortgage, student loans)",Y
9803408226,2026-09-07 16:24:09,2026-09-07 16:22:00,Greenville,South Carolina,843,Medical  & prescriptions,N
8002408151,2026-09-07 16:24:20,2026-09-07 14:08:00,,Pennsylvania,215,"Calls pretending to be government, businesses, or family and friends",Y
8775191403,2026-09-07 16:24:26,2026-09-04 19:58:00,HUNTERSVILLE,North Carolina,704,Other,N
4805421875,2026-09-07 16:24:29,2026-09-02 15:50:00,,Arizona,480,Other,Y
9513272882,2026-09-07 16:24:40,2026-09-03 12:04:00,Randleman,North Carolina,336,"Reducing your debt (credit cards, mortgage, student loans)",Y
8555644553,2026-09-07 16:24:44,2026-09-07 00:00:00,,New Jersey,856,"Reducing your debt (credit cards, mortgage, student loans)",Y
5875775794,2026-09-07 16:25:33,2026-09-06 12:31:00,Orlando,Florida,407,Other,Y
2178349513,2026-09-07 16:25:46,2026-09-07 09:26:00,,Massachusetts,617,Other,
5616789340,2026-09-07 16:25:57,2026-08-29 13:56:00,Randleman,North Carolina,336,"Reducing your debt (credit cards, mortgage, student loans)",Y
4807883981,2026-09-07 16:26:02,2026-09-03 15:07:00,,Arizona,480,Other,Y
2178349513,2026-09-07 16:26:33,2026-09-07 12:20:00,,Massachusetts,617,Other,
9285507465,2026-09-07 16:26:33,2026-08-29 11:02:00,Randleman,North Carolina,336,"Reducing your debt (credit cards, mortgage, student loans)",Y
8888910996,2026-09-07 16:26:51,2026-08-11 09:27:00,,Indiana,317,Medical  & prescriptions,N
8775782617,2026-09-07 16:27:16,2026-09-06 12:20:00,Orlando,Florida,407,Other,Y
7123777549,2026-09-07 16:27:26,2026-08-25 16:40:00,Randleman,North Carolina,336,"Reducing your debt (credit cards, mortgage, student loans)",Y
4808061397,2026-09-07 16:27:27,2026-09-04 11:08:00,,Arizona,480,Other,Y
3213958702,2026-09-07 16:27:34,2026-09-07 15:39:00,,Massachusetts,617,Other,
2159486339,2026-09-07 16:27:35,2026-09-03 14:12:00,,Pennsylvania,215,Other,Y
8555640067,2026-09-07 16:27:54,2026-09-03 17:19:00,Pinnacle,North Carolina,336,Other,Y
2018800144,2026-09-07 16:27:58,2026-09-07 16:23:00,Haskell,New Jersey,973,Medical  & prescriptions,Y
8542489011,2026-09-07 16:28:02,2026-09-06 06:54:00,,Alabama,334,"Lotteries, prizes  & sweepstakes",N
8337158867,2026-09-07 16:28:21,2026-09-05 13:02:00,NC,North Carolina,607,Warranties  & protection plans,Y
,2026-09-07 16:28:22,2026-09-07 16:24:00,Monkton,Maryland,410,"Reducing your debt (credit cards, mortgage, student loans)",Y
7029053481,2026-09-07 16:28:26,2026-09-04 16:14:00,,Nevada,702,"Reducing your debt (credit cards, mortgage, student loans)",Y
6474480943,2026-09-07 16:28:29,2026-09-07 13:08:00,,Massachusetts,774,"Reducing your debt (credit cards, mortgage, student loans)",Y
4373710576,2026-09-07 16:28:31,2026-09-06 16:00:00,Mebane,North Carolina,919,"Reducing your debt (credit cards, mortgage, student loans)",Y
5729997524,2026-09-07 16:28:31,2026-08-25 16:05:00,Randleman,North Carolina,336,"Reducing your debt (credit cards, mortgage, student loans)",Y
8778240560,2026-09-07 16:28:52,2026-09-06 15:12:00,Hayward,California,510,"Reducing your debt (credit cards, mortgage, student loans)",Y
8158573579,2026-09-07 16:28:56,2026-09-07 15:20:00,Homer Glen,Illinois,815,Other,N
4808460546,2026-09-07 16:29:14,2026-09-05 15:42:00,,Arizona,480,Other,Y
8059244610,2026-09-07 16:29:20,2026-09-05 12:59:00,,Illinois,708,Other,Y
6173341931,2026-09-07 16:29:26,2026-09-07 16:28:00,South Grafton,Massachusetts,508,Vacation  & timeshares,Y
7138322856,2026-09-07 16:29:33,2026-09-07 16:24:00,Toledo,Ohio,713,Medical  & prescriptions,Y
8084217552,2026-09-07 16:29:39,2026-09-07 13:57:00,Hawaii,Hawaii,808,No Subject Provided,Y
8775967941,2026-09-07 16:29:47,2026-09-07 16:20:00,NC,New York,607,Warranties  & protection plans,Y
9028397438,2026-09-07 16:29:51,2026-09-05 11:16:00,Wharton,New Jersey,201,"Reducing your debt (credit cards, mortgage, student loans)",Y
9732460308,2026-09-07 16:29:54,2026-09-07 16:19:00,Haskell,New Jersey,973,Medical  & prescriptions,N
8447814165,2026-09-07 16:29:59,2026-09-04 13:33:00,Pinnacle,North Carolina,336,Other,Y
2204406686,2026-09-07 16:30:01,2026-09-04 10:17:00,,Ohio,220,No Subject Provided,Y
7079258925,2026-09-07 16:30:39,2026-09-07 10:55:00,Vallejo,California,707,Warranties  & protection plans,Y
6233351483,2026-09-07 16:30:41,2026-09-07 13:09:00,Surprise,Arizona,602,Other,N
6233200782,2026-09-07 16:30:56,2026-09-07 12:01:00,,Arizona,480,Other,Y
3213958702,2026-09-07 16:31:03,2026-09-07 12:00:00,,Florida,954,"Calls pretending to be government, businesses, or family and friends",Y
8447573922,2026-09-07 16:31:04,2026-09-04 18:20:00,Pinnacle,North Carolina,336,Other,Y
5208125119,2026-09-07 16:31:16,2026-09-07 02:24:00,COLORADO SPRINGS,Colorado,702,Other,N
5168881917,2026-09-07 16:31:34,2026-09-04 11:10:00,NC,New York,607,"Calls pretending to be government, businesses, or family and friends",Y
9528662195,2026-09-07 16:31:38,2026-09-05 15:54:00,North Versailles,Pennsylvania,724,"Reducing your debt (credit cards, mortgage, student loans)",Y
8665547633,2026-09-07 16:32:10,2026-09-04 21:06:00,Pinnacle,North Carolina,336,Other,Y
,2026-09-07 16:32:20,2026-09-04 14:00:00,Shallotte,North Carolina,703,Vacation  & timeshares,Y
,2026-09-07 16:32:21,2026-09-07 16:01:00,Atlatna,Georgia,404,Warranties  & protection plans,Y
3179831672,2026-09-07 16:32:27,2026-08-12 12:59:00,,Indiana,317,Other,N
8778850914,2026-09-07 16:32:36,2026-08-06 16:45:00,Hayward,California,510,"Reducing your debt (credit cards, mortgage, student loans)",Y
3213958702,2026-09-07 16:33:34,2026-09-07 15:23:00,,Massachusetts,617,"Reducing your debt (credit cards, mortgage, student loans)",Y
6076675479,2026-09-07 16:33:35,2026-09-04 10:53:00,NC,New York,607,Other,Y
4195069413,2026-09-07 16:33:47,2026-09-07 00:00:00,,Ohio,419,Other,Y
8447573127,2026-09-07 16:34:06,2026-09-07 16:32:00,Washington,District of Columbia,703,"Calls pretending to be government, businesses, or family and friends",Y
7087066467,2026-09-07 16:34:38,2026-09-07 13:52:00,Matteson,Illinois,773,Other,N
8665403059,2026-09-07 16:34:40,2026-09-07 15:09:00,Pinnacle,North Carolina,336,Other,Y
9125618483,2026-09-07 16:34:47,2026-09-07 13:06:00,,California,310,"Reducing your debt (credit cards, mortgage, student loans)",Y
8664722340,2026-09-07 16:35:05,2026-03-30 10:38:00,Alexandria,Virginia,703,"Reducing your debt (credit cards, mortgage, student loans)",Y
3173151923,2026-09-07 16:35:09,2026-08-16 10:06:00,,Indiana,317,Other,N
8449272699,2026-09-07 16:35:15,2026-08-07 11:00:00,Hayward,California,510,"Reducing your debt (credit cards, mortgage, student loans)",Y
7086279232,2026-09-07 16:36:00,2026-09-06 13:07:00,Matteson,Illinois,773,No Subject Provided,N
3045519631,2026-09-07 16:36:31,2026-09-05 14:36:00,Wharton,New Jersey,201,"Reducing your debt (credit cards, mortgage, student loans)",Y
2178349513,2026-09-07 16:36:55,2026-09-07 11:22:00,Forest Hills,New York,201,Other,Y
8339347604,2026-09-07 16:36:58,2026-08-26 21:13:00,WILM,North Carolina,910,"Reducing your debt (credit cards, mortgage, student loans)",N
8554040342,2026-09-07 16:37:38,2026-08-07 16:25:00,Hayward,California,510,"Reducing your debt (credit cards, mortgage, student loans)",Y
8638693653,2026-09-07 16:37:44,2026-03-30 14:06:00,Alexandria,Virginia,703,Other,Y
8163222626,2026-09-07 16:38:18,2026-09-07 14:35:00,Ballwin,Missouri,636,Other,
4068529513,2026-09-07 16:38:24,2026-08-24 12:22:00,,Indiana,317,Other,N
,2026-09-07 16:38:48,2026-09-02 12:00:00,Newton Highlands,Massachusetts,917,"Calls pretending to be government, businesses, or family and friends",N
3133798373,2026-09-07 16:39:37,2026-09-07 09:26:00,,Michigan,517,No Subject Provided,Y
3177655944,2026-09-07 16:39:45,2026-08-28 10:18:00,,Indiana,317,Other,N
8337753817,2026-09-07 16:39:48,2026-08-12 11:12:00,Hayward,California,510,"Reducing your debt (credit cards, mortgage, student loans)",Y
3213958702,2026-09-07 16:39:51,2026-09-07 16:12:00,Forest Hills,New York,201,Other,Y
,2026-09-07 16:40:16,2026-09-07 16:28:00,,North Carolina,704,Other,Y
8668804695,2026-09-07 16:40:30,2026-04-02 11:37:00,Alexandria,Virginia,703,"Reducing your debt (credit cards, mortgage, student loans)",Y
3177655944,2026-09-07 16:40:40,2026-08-28 11:17:00,,Indiana,317,Other,N
7824718288,2026-09-07 16:41:02,2026-09-07 00:00:00,,Maryland,410,"Reducing your debt (credit cards, mortgage, student loans)",Y
7754381723,2026-09-07 16:41:35,2026-09-07 16:35:00,,Illinois,773,"Calls pretending to be government, businesses, or family and friends",Y
3213958702,2026-09-07 16:42:06,2026-09-07 16:40:00,,Illinois,773,"Calls pretending to be government, businesses, or family and friends",Y
9569864436,2026-09-07 16:42:16,2026-09-07 20:03:00,Bronx,New York,917,Other,Y
8668592511,2026-09-07 16:42:20,2026-08-12 11:56:00,Hayward,California,510,"Reducing your debt (credit cards, mortgage, student loans)",Y
8889800897,2026-09-07 16:42:37,2026-08-29 21:20:00,,Indiana,317,Other,N
3213958702,2026-09-07 16:42:39,2026-09-07 04:39:00,Windermere,Florida,720,Other,Y
8883409972,2026-09-07 16:42:43,2026-08-07 16:41:00,Boca Raton,Florida,732,Other,Y
9097576591,2026-09-07 16:42:57,2026-09-07 13:34:00,Seattle,Washington,206,Dropped call or no message,Y
9014454257,2026-09-07 16:42:57,2026-04-06 13:24:00,Alexandria,Virginia,703,Other,Y
9047312867,2026-09-07 16:43:13,2026-09-07 16:42:00,,Florida,904,Dropped call or no message,N
4323213364,2026-09-07 16:43:40,2026-09-07 15:40:00,Midland,Texas,432,"Reducing your debt (credit cards, mortgage, student loans)",N
8664968151,2026-09-07 16:43:56,2026-08-14 13:36:00,Hayward,California,510,"Reducing your debt (credit cards, mortgage, student loans)",Y
,2026-09-07 16:44:22,2026-09-07 16:43:00,,Pennsylvania,717,Medical  & prescriptions,Y
855331117,2026-09-07 16:44:47,2026-09-07 00:00:00,Phoenix,Arizona,614,Warranties  & protection plans,Y
9312531905,2026-09-07 16:45:03,2026-09-07 15:26:00,,Tennessee,931,Other,N
8336614522,2026-09-07 16:45:16,2026-08-27 17:54:00,Butler,Georgia,770,"Calls pretending to be government, businesses, or family and friends",Y
8773164063,2026-09-07 16:45:21,2026-08-14 18:37:00,Hayward,California,510,"Reducing your debt (credit cards, mortgage, student loans)",Y
5092044508,2026-09-07 16:45:30,2026-09-07 13:15:00,Millington,Tennessee,901,"Reducing your debt (credit cards, mortgage, student loans)",Y
8773531138,2026-09-07 16:45:33,2026-04-07 18:03:00,Alexandria,Virginia,703,Other,Y
4066254638,2026-09-07 16:45:45,2026-09-07 14:44:00,Billings,Montana,406,Home improvement  & cleaning,Y
,2026-09-07 16:46:06,2026-09-02 20:35:00,Spartanburg,South Carolina,833,"Lotteries, prizes  & sweepstakes",Y
5414029782,2026-09-07 16:46:30,2026-09-07 13:42:00,Troutdale,Oregon,503,Other,N
6186553680,2026-09-07 16:46:30,2026-09-07 14:00:00,Millington,Tennessee,901,"Reducing your debt (credit cards, mortgage, student loans)",Y
8664967069,2026-09-07 16:46:57,2026-09-07 07:04:00,Edgewood,New Mexico,505,No Subject Provided,Y
3613488974,2026-09-07 16:47:19,2026-09-07 15:44:00,Alice,Texas,361,Other,Y
8449276069,2026-09-07 16:47:30,2026-09-07 15:41:00,Doylestown,Pennsylvania,908,Other,N
3362035331,2026-09-07 16:47:42,2026-09-07 16:43:00,Siloam,North Carolina,336,Vacation  & timeshares,Y
,2026-09-07 16:47:54,2026-09-07 13:44:00,,,844,"Reducing your debt (credit cards, mortgage, student loans)",Y
3213958702,2026-09-07 16:47:57,2026-09-07 16:45:00,Cartersville,Georgia,404,"Reducing your debt (credit cards, mortgage, student loans)",N
8337465886,2026-09-07 16:48:02,2026-08-17 12:39:00,Hayward,California,510,"Reducing your debt (credit cards, mortgage, student loans)",Y
,2026-09-07 16:48:31,2026-09-07 13:38:00,,,888,Other,Y
8444790938,2026-09-07 16:48:36,2026-04-07 18:03:00,Alexandria,Virginia,703,"Reducing your debt (credit cards, mortgage, student loans)",Y
5108328971,2026-09-07 16:48:51,2026-09-07 17:28:00,Fremont,California,510,Other,Y
,2026-09-07 16:49:33,2026-09-07 18:30:00,Houston,Texas,713,"Lotteries, prizes  & sweepstakes",N
8553611906,2026-09-07 16:49:42,2026-09-07 16:40:00,,Virginia,540,Other,Y
8778832730,2026-09-07 16:49:48,2026-09-07 13:48:00,,Nevada,702,"Reducing your debt (credit cards, mortgage, student loans)",Y
8555647851,2026-09-07 16:49:51,2026-08-19 11:21:00,Hayward,California,510,"Reducing your debt (credit cards, mortgage, student loans)",Y
3193934348,2026-09-07 16:50:15,2026-09-07 15:45:00,Cedar Rapids,Iowa,515,Medical  & prescriptions,N
7602801728,2026-09-07 16:50:18,2026-09-07 13:45:00,Vista,California,760,"Energy, solar,  & utilities",N
7609351646,2026-09-07 16:50:47,2026-09-07 13:49:00,,California,310,"Reducing your debt (credit cards, mortgage, student loans)",Y
7712535019,2026-09-07 16:51:30,2026-09-05 14:37:00,Detroit Lakes,Minnesota,218,Other,N
8338672168,2026-09-07 16:51:40,2026-04-09 09:15:00,Alexandria,Virginia,703,Other,Y
7875578781,2026-09-07 16:51:48,2026-09-07 11:48:00,Guaynabo,Puerto Rico,939,Other,N
9034129599,2026-09-07 16:52:00,2026-09-07 09:12:00,Hopewell,Virginia,408,"Reducing your debt (credit cards, mortgage, student loans)",Y
8778823286,2026-09-07 16:52:01,2026-08-24 17:50:00,Hayward,California,510,"Reducing your debt (credit cards, mortgage, student loans)",Y
4194647914,2026-09-07 16:52:04,2026-09-07 18:53:00,Upper Sandusky,Ohio,419,Other,Y
9712046570,2026-09-07 16:52:04,2026-09-07 13:40:00,Beaverton,Oregon,503,"Energy, solar,  & utilities",N
7712535019,2026-09-07 16:52:08,2026-09-07 03:44:00,Detroit Lakes,Minnesota,218,Other,
2178349513,2026-09-07 16:52:35,2026-09-07 09:12:00,Hopewell,California,408,"Reducing your debt (credit cards, mortgage, student loans)",Y
5134881463,2026-09-07 16:52:47,2026-09-07 16:49:00,FLORENCE,Kentucky,859,Other,Y
,2026-09-07 16:53:02,2026-09-07 00:00:00,Golden Valley,Arkansas,936,Dropped call or no message,Y
7079855193,2026-09-07 16:53:10,2026-09-07 16:25:00,Clearwater,Florida,201,Other,Y
8778835948,2026-09-07 16:53:22,2026-09-07 16:35:00,,Virginia,804,"Reducing your debt (credit cards, mortgage, student loans)",Y
7088889480,2026-09-07 16:53:33,2026-09-07 12:03:00,Hopewell,California,408,"Reducing your debt (credit cards, mortgage, student loans)",Y
4162296574,2026-09-07 16:53:52,2026-09-01 02:44:00,Tullahoma,Tennessee,480,Other,Y
4162296574,2026-09-07 16:53:53,2026-09-01 02:44:00,Tullahoma,Tennessee,480,Other,Y
2178349513,2026-09-07 16:54:05,2026-09-07 12:03:00,Hopewell,California,408,"Reducing your debt (credit cards, mortgage, student loans)",Y
5134881463,2026-09-07 16:54:09,2026-09-07 10:19:00,FLORENCE,Kentucky,859,Other,Y
8444981333,2026-09-07 16:54:13,2026-04-09 09:16:00,Alexandria,Virginia,703,"Reducing your debt (credit cards, mortgage, student loans)",Y
8778857028,2026-09-07 16:54:46,2026-08-26 13:21:00,Hayward,California,510,"Reducing your debt (credit cards, mortgage, student loans)",Y
7745388757,2026-09-07 16:54:47,2026-09-07 14:44:00,Hopewell,California,408,"Reducing your debt (credit cards, mortgage, student loans)",Y
8046669801,2026-09-07 16:54:48,2026-09-07 16:09:00,Wesley Chapel,Florida,813,Other,Y
3213958702,2026-09-07 16:55:22,2026-09-07 14:44:00,Hopewell,California,408,"Reducing your debt (credit cards, mortgage, student loans)",Y
4075655193,2026-09-07 16:55:41,2026-07-16 07:56:00,Jacksonville,Florida,904,"Reducing your debt (credit cards, mortgage, student loans)",Y
8336727934,2026-09-07 16:56:20,2026-09-07 09:28:00,Morristown,New Jersey,201,Other,N
6129020025,2026-09-07 16:56:42,2026-09-07 14:57:00,Minneapolis,Minnesota,612,Other,Y
8045074556,2026-09-07 16:56:48,2026-09-07 16:22:00,Wesley Chapel,Florida,813,Other,Y
5876527294,2026-09-07 16:56:48,2026-09-02 13:16:00,Tullahoma,Arizona,480,Other,Y
8558064183,2026-09-07 16:57:00,2026-08-27 11:10:00,Hayward,California,510,"Reducing your debt (credit cards, mortgage, student loans)",Y
9367275791,2026-09-07 16:58:08,2026-09-07 04:05:00,Golden Valley,Texas,936,Medical  & prescriptions,Y
8432054931,2026-09-07 16:58:10,2026-09-07 16:51:00,Newnan,Georgia,404,"Reducing your debt (credit cards, mortgage, student loans)",Y
8053982292,2026-09-07 16:58:11,2026-09-07 13:53:00,Fresno,California,559,Other,
8665563187,2026-09-07 16:58:29,2026-09-07 10:55:00,Orange Park,Florida,904,Other,Y
8334214828,2026-09-07 16:58:53,2026-04-16 14:48:00,Alexandria,Virginia,703,Other,Y
8778838943,2026-09-07 16:58:57,2026-08-28 09:41:00,Hayward,California,510,"Reducing your debt (credit cards, mortgage, student loans)",Y
3178920892,2026-09-07 16:58:57,2026-09-07 15:37:00,Indiana,Indiana,317,No Subject Provided,Y
7373892115,2026-09-07 16:59:04,2026-09-07 00:00:00,Sedro Woolley,Washington,425,"Calls pretending to be government, businesses, or family and friends",N
8667912203,2026-09-07 16:59:15,2026-09-07 13:31:00,Morristown,New Jersey,201,Other,N
5194989056,2026-09-07 16:59:19,2026-09-03 12:14:00,Tullahoma,Arizona,480,Other,Y
7372601993,2026-09-07 16:59:45,2026-09-07 08:24:00,,Texas,469,Other,Y
6166628997,2026-09-07 16:59:50,2026-09-07 16:57:00,,Michigan,616,Home improvement  & cleaning,N
9015041179,2026-09-07 16:59:53,2026-09-07 16:57:00,Cordova,Tennessee,901,"Reducing your debt (credit cards, mortgage, student loans)",Y
8778857450,2026-09-07 17:00:12,2026-09-07 14:14:00,Orange Park,Florida,904,Other,Y
4707649374,2026-09-07 17:00:45,2026-09-07 15:58:00,Millington,Tennessee,901,"Reducing your debt (credit cards, mortgage, student loans)",Y
7152868825,2026-09-07 17:01:20,2026-09-07 15:57:00,marinette,Wisconsin,715,Other,Y
8337463035,2026-09-07 17:01:23,2026-08-31 17:26:00,Hayward,California,510,"Reducing your debt (credit cards, mortgage, student loans)",Y
4033121409,2026-09-07 17:01:44,2026-09-04 15:03:00,Tullahoma,Arizona,480,Other,Y
9282954189,2026-09-07 17:01:51,2026-09-07 13:57:00,Phoenix,Arizona,602,"Reducing your debt (credit cards, mortgage, student loans)",Y
8664997188,2026-09-07 17:01:58,2026-09-07 16:01:00,Morristown,New Jersey,201,Other,N
8339205211,2026-09-07 17:02:04,2026-04-17 13:44:00,Alexandria,Virginia,703,"Reducing your debt (credit cards, mortgage, student loans)",Y
8149840621,2026-09-07 17:02:13,2026-09-07 14:58:00,Clarendon,Pennsylvania,814,Medical  & prescriptions,Y
6462954896,2026-09-07 17:02:26,2026-09-07 20:23:00,Tallahassee,Florida,850,"Calls pretending to be government, businesses, or family and friends",N
,2026-09-07 17:02:50,2026-09-04 15:06:00,,Ohio,234,Other,Y
8336253131,2026-09-07 17:03:34,2026-09-01 16:48:00,Hayward,California,510,"Reducing your debt (credit cards, mortgage, student loans)",Y
7542427940,2026-09-07 17:03:36,2026-09-07 16:43:00,,Florida,786,Other,Y
4164040162,2026-09-07 17:03:47,2026-09-07 13:34:00,Asheville,North Carolina,828,"Reducing your debt (credit cards, mortgage, student loans)",Y
8145241938,2026-09-07 17:04:24,2026-09-07 15:58:00,Clarendon,Pennsylvania,814,Medical  & prescriptions,Y
4378502354,2026-09-07 17:04:43,2026-09-02 15:23:00,Milford,Delaware,302,"Reducing your debt (credit cards, mortgage, student loans)",Y
6108909241,2026-09-07 17:05:17,2026-09-07 12:52:00,Reston,Virginia,703,Other,Y
8337464594,2026-09-07 17:05:27,2026-09-07 17:04:00,,Kentucky,606,"Reducing your debt (credit cards, mortgage, student loans)",Y
8558064015,2026-09-07 17:05:33,2026-09-02 13:34:00,Hayward,California,510,"Reducing your debt (credit cards, mortgage, student loans)",Y
8664925941,2026-09-07 17:05:33,2026-04-17 16:26:00,Alexandria,Virginia,703,Other,Y
8146127093,2026-09-07 17:05:43,2026-09-07 16:58:00,Clarendon,Pennsylvania,814,Medical  & prescriptions,Y
8778835651,2026-09-07 17:05:43,2026-09-03 13:53:00,Fremont,California,408,"Reducing your debt (credit cards, mortgage, student loans)",Y
3213958702,2026-09-07 17:06:10,2026-09-07 21:00:00,Lakewood Ranch,Florida,941,Other,N
3212203859,2026-09-07 17:06:14,2026-09-07 15:03:00,Denver,Colorado,321,No Subject Provided,N
4239002757,2026-09-07 17:06:28,2026-09-07 17:02:00,Gray,Tennessee,423,"Calls pretending to be government, businesses, or family and friends",N
8553230769,2026-09-07 17:06:57,2026-09-04 10:52:00,Fremont,California,408,"Reducing your debt (credit cards, mortgage, student loans)",Y
8506009884,2026-09-07 17:07:44,2026-09-01 12:10:00,Asheville,North Carolina,828,"Reducing your debt (credit cards, mortgage, student loans)",Y
8444173098,2026-09-07 17:07:50,2026-09-07 12:12:00,Fremont,California,408,"Reducing your debt (credit cards, mortgage, student loans)",Y
8445620526,2026-09-07 17:08:08,2026-04-17 16:27:00,Alexandria,Virginia,703,Other,Y
8883506402,2026-09-07 17:08:35,2026-09-07 11:14:00,Fremont,California,408,"Reducing your debt (credit cards, mortgage, student loans)",Y
8778838567,2026-09-07 17:08:35,2026-09-03 18:38:00,Hayward,California,510,"Reducing your debt (credit cards, mortgage, student loans)",Y
5619472680,2026-09-07 17:08:35,2026-07-15 12:58:00,Riverton,Wyoming,307,Dropped call or no message,N
9453253956,2026-09-07 17:09:08,2026-09-07 16:05:00,,Nevada,775,Home improvement  & cleaning,Y
8778838459,2026-09-07 17:09:17,2026-09-07 17:04:00,Miami,Florida,305,Other,Y
8447574199,2026-09-07 17:09:23,2026-09-07 16:23:00,Alexandria,Virginia,571,"Reducing your debt (credit cards, mortgage, student loans)",Y
2315873371,2026-09-07 17:09:31,2026-09-07 17:08:00,oradel,New Jersey,201,"Reducing your debt (credit cards, mortgage, student loans)",Y
8883821222,2026-09-07 17:09:49,2026-09-07 14:04:00,Sun City,Arizona,989,"Calls pretending to be government, businesses, or family and friends",N
7736771737,2026-09-07 17:09:50,2026-09-07 16:06:00,,Illinois,773,Dropped call or no message,Y
7782804772,2026-09-07 17:10:03,2026-09-07 16:42:00,Riverview,Florida,813,"Calls pretending to be government, businesses, or family and friends",N
4342632947,2026-09-07 17:10:16,2026-09-07 11:12:00,Somerset,New Jersey,201,"Reducing your debt (credit cards, mortgage, student loans)",Y
3862135709,2026-09-07 17:10:27,2026-09-07 13:31:00,oradel,New Jersey,201,"Reducing your debt (credit cards, mortgage, student loans)",Y
3213958702,2026-09-07 17:10:29,2026-09-07 15:04:00,Santa Fe,New Mexico,505,"Reducing your debt (credit cards, mortgage, student loans)",Y
8665566718,2026-09-07 17:10:37,2026-09-04 13:55:00,Hayward,California,510,"Reducing your debt (credit cards, mortgage, student loans)",Y
8003278376,2026-09-07 17:10:38,2026-09-07 18:00:00,Encino,California,818,Other,N
8667912294,2026-09-07 17:10:45,2026-09-07 13:11:00,,Massachusetts,781,"Reducing your debt (credit cards, mortgage, student loans)",Y
8174333178,2026-09-07 17:10:59,2026-09-07 15:57:00,Arlington,Texas,817,Home security  & alarms,Y
8775070986,2026-09-07 17:11:09,2026-09-07 15:04:00,Mountain Home,Idaho,208,Other,Y
9893736156,2026-09-07 17:11:16,2026-09-07 11:08:00,oradel,New Jersey,201,"Reducing your debt (credit cards, mortgage, student loans)",Y
8552072889,2026-09-07 17:11:25,2026-09-05 12:00:00,Castle Rock,Colorado,303,Other,Y
8558064725,2026-09-07 17:11:41,2026-09-07 09:58:00,,Massachusetts,781,"Reducing your debt (credit cards, mortgage, student loans)",Y
7867441422,2026-09-07 17:11:55,2026-09-07 04:00:00,,Arkansas,786,"Reducing your debt (credit cards, mortgage, student loans)",Y
9898426263,2026-09-07 17:11:56,2026-09-07 13:49:00,Somerset,New Jersey,201,"Reducing your debt (credit cards, mortgage, student loans)",Y
,2026-09-07 17:11:59,2026-04-18 13:14:00,Alexandria,Virginia,703,Other,Y
9529554362,2026-09-07 17:11:59,2026-09-07 10:24:00,oradel,New Jersey,201,"Reducing your debt (credit cards, mortgage, student loans)",Y
7782804772,2026-09-07 17:12:05,2026-09-07 16:39:00,Riverview,Florida,813,"Calls pretending to be government, businesses, or family and friends",N
8778852986,2026-09-07 17:12:34,2026-09-07 16:02:00,,New Jersey,732,"Reducing your debt (credit cards, mortgage, student loans)",Y
8447570867,2026-09-07 17:12:40,2026-09-04 16:03:00,Hayward,California,510,"Reducing your debt (credit cards, mortgage, student loans)",Y
9034191405,2026-09-07 17:12:45,2026-09-05 19:55:00,oradel,New Jersey,201,"Reducing your debt (credit cards, mortgage, student loans)",Y
6577566293,2026-09-07 17:12:55,2026-09-07 14:08:00,NEWBURY PARK,California,714,Other,
9035820633,2026-09-07 17:12:59,2026-09-07 16:56:00,Atlanta,Georgia,470,Other,Y
7139293667,2026-09-07 17:13:23,2026-09-07 16:12:00,Houston,Texas,281,Other,N
8637223254,2026-09-07 17:13:40,2026-09-04 21:22:00,oradel,New Jersey,201,"Reducing your debt (credit cards, mortgage, student loans)",Y
8157920694,2026-09-07 17:13:49,2026-09-07 16:59:00,Somerset,New Jersey,201,"Reducing your debt (credit cards, mortgage, student loans)",Y
8778835069,2026-09-07 17:13:57,2026-09-07 13:00:00,Hayward,California,510,"Reducing your debt (credit cards, mortgage, student loans)",Y
8554571384,2026-09-07 17:14:03,2026-09-07 17:00:00,,New Jersey,908,Other,Y
3862135679,2026-09-07 17:14:20,2026-09-04 16:09:00,oradel,New Jersey,201,"Reducing your debt (credit cards, mortgage, student loans)",Y
8775070986,2026-09-07 17:14:39,2026-09-07 17:06:00,,Tennessee,901,"Reducing your debt (credit cards, mortgage, student loans)",Y
2317979345,2026-09-07 17:15:02,2026-09-04 12:06:00,oradel,New Jersey,201,"Reducing your debt (credit cards, mortgage, student loans)",Y
7867441708,2026-09-07 17:15:07,2026-09-07 17:01:00,Somerset,New Jersey,201,"Reducing your debt (credit cards, mortgage, student loans)",Y
8665548306,2026-09-07 17:15:08,2026-09-04 20:54:00,Riverview,Florida,813,"Calls pretending to be government, businesses, or family and friends",N
8447582414,2026-09-07 17:15:12,2026-09-07 15:09:00,Leland,North Carolina,319,"Reducing your debt (credit cards, mortgage, student loans)",Y
2694042604,2026-09-07 17:15:16,2026-04-20 14:28:00,Alexandria,Virginia,703,Other,Y
9035180181,2026-09-07 17:15:42,2026-09-03 17:29:00,oradel,New Jersey,201,"Reducing your debt (credit cards, mortgage, student loans)",Y
9012561040,2026-09-07 17:15:47,2026-09-07 00:00:00,,Oregon,503,Medical  & prescriptions,Y
8778836757,2026-09-07 17:15:54,2026-09-07 14:14:00,Tucson,Arizona,202,Other,Y
7076179565,2026-09-07 17:16:23,2026-09-03 11:14:00,oradel,New Jersey,201,"Reducing your debt (credit cards, mortgage, student loans)",Y
6502155255,2026-09-07 17:16:53,2026-09-07 17:03:00,,California,650,Other,Y
9034191310,2026-09-07 17:17:00,2026-09-07 13:36:00,,Arizona,480,"Reducing your debt (credit cards, mortgage, student loans)",Y
7076179565,2026-09-07 17:17:13,2026-09-03 11:14:00,oradel,New Jersey,201,"Reducing your debt (credit cards, mortgage, student loans)",Y
8336721856,2026-09-07 17:17:31,2026-09-07 10:07:00,Edgewood,New Mexico,505,Other,
3093129642,2026-09-07 17:17:36,2026-09-04 20:54:00,Riverview,Florida,813,"Calls pretending to be government, businesses, or family and friends",N
9095050128,2026-09-07 17:17:43,2026-09-07 14:14:00,,California,909,Warranties  & protection plans,N
6013980342,2026-09-07 17:18:04,2026-09-07 16:17:00,Vicksburg,Mississippi,601,Other,Y
6299353960,2026-09-07 17:18:13,2026-04-22 11:40:00,Alexandria,Virginia,703,Other,Y
7862978950,2026-09-07 17:18:16,2026-09-02 17:20:00,oradel,New Jersey,201,"Reducing your debt (credit cards, mortgage, student loans)",Y
4132052826,2026-09-07 17:18:25,2026-09-07 17:14:00,Mill River,Massachusetts,413,Dropped call or no message,N
7818827558,2026-09-07 17:18:40,2026-09-07 14:35:00,,Illinois,773,No Subject Provided,N
6098576462,2026-09-07 17:19:40,2026-09-07 12:43:00,,Arizona,480,Other,Y
6303271729,2026-09-07 17:19:42,2026-09-07 13:26:00,Midlothian,Virginia,630,Other,N
3126638602,2026-09-07 17:19:47,2026-09-07 14:54:00,,Illinois,773,No Subject Provided,N
2243442817,2026-09-07 17:19:53,2026-09-02 10:09:00,,California,909,"Reducing your debt (credit cards, mortgage, student loans)",Y
8138195685,2026-09-07 17:20:16,2026-09-04 15:09:00,Riverview,Florida,813,"Calls pretending to be government, businesses, or family and friends",N
6023998708,2026-09-07 17:21:14,2026-09-07 14:14:00,,Hawaii,808,Other,N
9705012019,2026-09-07 17:21:36,2026-04-23 10:45:00,Alexandria,Virginia,703,"Reducing your debt (credit cards, mortgage, student loans)",Y
8318777483,2026-09-07 17:23:47,2026-09-07 17:20:00,Indianapolis,Indiana,317,Other,N
7543233234,2026-09-07 17:24:06,2026-09-07 17:19:00,Douglasville,Georgia,262,"Reducing your debt (credit cards, mortgage, student loans)",N
8156347611,2026-09-07 17:24:50,2026-09-05 12:42:00,,Illinois,708,"Reducing your debt (credit cards, mortgage, student loans)",Y
2093873503,2026-09-07 17:24:55,2026-09-07 00:00:00,Turlock,California,209,Other,N
2393837286,2026-09-07 17:24:56,2026-09-07 17:22:00,NAPLES,Florida,239,Medical  & prescriptions,N
5872392006,2026-09-07 17:25:00,2026-09-05 15:30:00,Rittman,Ohio,330,"Reducing your debt (credit cards, mortgage, student loans)",Y
8019003287,2026-09-07 17:25:13,2026-09-04 12:00:00,Ocean Springs,Mississippi,228,Other,N
8337289862,2026-09-07 17:25:15,2026-04-23 16:45:00,Alexandria,Virginia,703,Other,Y
6502155255,2026-09-07 17:25:30,2026-09-07 17:16:00,New York,New York,917,Other,Y
8157339645,2026-09-07 17:25:34,2026-09-07 09:07:00,,Illinois,708,"Reducing your debt (credit cards, mortgage, student loans)",Y
8665563523,2026-09-07 17:26:18,2026-09-07 16:08:00,,New Jersey,856,No Subject Provided,Y
4348884979,2026-09-07 17:26:22,2026-09-07 13:20:00,,Illinois,708,"Reducing your debt (credit cards, mortgage, student loans)",Y
8105101413,2026-09-07 17:27:12,2026-09-07 14:29:00,,Illinois,708,"Reducing your debt (credit cards, mortgage, student loans)",Y
9705012019,2026-09-07 17:27:34,2026-04-28 10:28:00,Alexandria,Virginia,703,"Reducing your debt (credit cards, mortgage, student loans)",Y
9033859556,2026-09-07 17:27:44,2026-08-27 07:08:00,Butler,Georgia,770,"Calls pretending to be government, businesses, or family and friends",Y
2079876482,2026-09-07 17:27:52,2026-09-07 16:00:00,,Minnesota,651,Computer  & technical support,Y
2699349961,2026-09-07 17:29:00,2026-09-07 15:24:00,Battle Creek,Michigan,269,"Reducing your debt (credit cards, mortgage, student loans)",Y
9705012019,2026-09-07 17:29:09,2026-04-29 11:03:00,Alexandria,Virginia,703,"Reducing your debt (credit cards, mortgage, student loans)",Y
6505573217,2026-09-07 17:30:02,2026-09-07 12:35:00,Studio City,California,612,"Calls pretending to be government, businesses, or family and friends",N
7373857417,2026-09-07 17:30:26,2026-09-07 16:28:00,Round Rock,Texas,908,Home improvement  & cleaning,N
5209242173,2026-09-07 17:30:55,2026-09-05 10:57:00,Whittier,California,562,"Reducing your debt (credit cards, mortgage, student loans)",Y
8557077328,2026-09-07 17:32:02,2026-09-06 13:00:00,Whittier,California,562,"Reducing your debt (credit cards, mortgage, student loans)",Y
4053463052,2026-09-07 17:32:02,2026-09-07 15:30:00,Sapulpa,Oklahoma,309,Other,N
9093061723,2026-09-07 17:32:35,2026-09-07 14:30:00,,California,909,Other,N
549424589,2026-09-07 17:33:25,2026-09-07 12:00:00,staunton,Virginia,540,Other,Y
7207103230,2026-09-07 17:34:03,2026-09-07 18:15:00,,Washington,509,"Calls pretending to be government, businesses, or family and friends",N
5138292800,2026-09-07 17:34:22,2026-09-07 16:50:00,,Ohio,440,Dropped call or no message,N
6193081209,2026-09-07 17:34:54,2026-09-07 14:08:00,,California,619,Home improvement  & cleaning,N
6033340016,2026-09-07 17:35:01,2026-09-07 21:22:00,Lowell,Massachusetts,603,"Calls pretending to be government, businesses, or family and friends",N
8778832380,2026-09-07 17:35:01,2026-09-07 11:50:00,Newport Coast,California,562,"Reducing your debt (credit cards, mortgage, student loans)",Y
6102220510,2026-09-07 17:35:06,2026-09-07 17:18:00,South Williamsport,Pennsylvania,484,Other,N
,2026-09-07 17:35:19,2026-09-07 14:31:00,,Oregon,541,Other,Y
4184433941,2026-09-07 17:35:34,2026-09-07 09:46:00,Newport Coast,California,562,"Reducing your debt (credit cards, mortgage, student loans)",Y
2048133305,2026-09-07 17:35:36,2026-09-04 00:00:00,Beaumont,California,951,Other,Y
7602929336,2026-09-07 17:35:49,2026-09-07 14:06:00,,California,619,Dropped call or no message,Y
8056734128,2026-09-07 17:36:03,2026-09-07 16:33:00,Louisiana,Louisiana,318,Other,Y
3073695131,2026-09-07 17:36:15,2026-09-02 12:00:00,Los Angeles,California,323,Other,N
8558011347,2026-09-07 17:36:16,2026-09-07 09:11:00,Newport Coast,California,562,"Reducing your debt (credit cards, mortgage, student loans)",Y
8336727406,2026-09-07 17:36:54,2026-09-07 00:00:00,Jemez Springs,New Mexico,505,"Reducing your debt (credit cards, mortgage, student loans)",Y
5714989775,2026-09-07 17:37:11,2026-08-28 09:54:00,Butler,Georgia,770,"Calls pretending to be government, businesses, or family and friends",Y
8665541190,2026-09-07 17:37:15,2026-09-07 17:28:00,Old Bridge,New Jersey,732,"Reducing your debt (credit cards, mortgage, student loans)",Y
6616515095,2026-09-07 17:37:36,2026-09-03 15:00:00,Beaumont,California,951,Other,N
8665562216,2026-09-07 17:38:22,2026-09-07 17:20:00,Wantage,New Jersey,973,Other,N
8778830451,2026-09-07 17:39:00,2026-09-07 15:34:00,Mountain Home,Idaho,208,Other,Y
4342569498,2026-09-07 17:39:43,2026-09-07 13:59:00,,California,209,Other,Y
8778839192,2026-09-07 17:39:57,2026-09-07 15:26:00,Taylorsville,Utah,801,"Reducing your debt (credit cards, mortgage, student loans)",Y
8883709667,2026-09-07 17:39:57,2026-09-07 14:35:00,Salem,Oregon,619,Other,N
7349920731,2026-09-07 17:40:03,2026-09-07 15:31:00,Louisiana,Louisiana,318,Other,Y
8045074550,2026-09-07 17:41:04,2026-09-03 22:33:00,Cabot,Arkansas,501,"Reducing your debt (credit cards, mortgage, student loans)",Y
8778911106,2026-09-07 17:41:18,2026-09-07 10:36:00,Taylorsville,Utah,801,"Reducing your debt (credit cards, mortgage, student loans)",Y
,2026-09-07 17:41:32,2026-09-07 14:36:00,,,844,Other,Y
2178349513,2026-09-07 17:42:07,2026-09-07 11:00:00,Bellevue,Nebraska,402,"Calls pretending to be government, businesses, or family and friends",Y
7744958418,2026-09-07 17:42:43,2026-09-07 00:00:00,,California,209,Other,Y
6305349807,2026-09-07 17:42:49,2026-09-07 12:12:00,,Illinois,630,Dropped call or no message,Y
8067602862,2026-09-07 17:43:01,2026-09-07 21:20:00,Georgetown,Tennessee,816,"Lotteries, prizes  & sweepstakes",Y
8046807843,2026-09-07 17:43:04,2026-09-07 14:39:00,Louisiana,Louisiana,318,Other,Y
7179958138,2026-09-07 17:43:16,2026-09-07 17:40:00,Hummelstown,Pennsylvania,717,Other,Y
3213958702,2026-09-07 17:43:26,2026-09-07 13:23:00,Bellevue,Nebraska,402,"Calls pretending to be government, businesses, or family and friends",Y
7302092166,2026-09-07 17:43:32,2026-09-07 16:23:00,,Illinois,630,Dropped call or no message,Y
7754381723,2026-09-07 17:44:42,2026-09-07 15:09:00,Bellevue,Nebraska,402,"Calls pretending to be government, businesses, or family and friends",Y
6203281377,2026-09-07 17:45:35,2026-09-03 11:49:00,South Hutchinson,Kansas,620,Other,
8778830451,2026-09-07 17:46:05,2026-09-07 16:34:00,Tinley Park,Illinois,404,"Reducing your debt (credit cards, mortgage, student loans)",Y
9043516584,2026-09-07 17:46:09,2026-09-07 12:00:00,Hanceville,Alabama,256,"Lotteries, prizes  & sweepstakes",N
3213958702,2026-09-07 17:46:22,2026-09-07 16:37:00,Bellevue,Nebraska,402,"Calls pretending to be government, businesses, or family and friends",Y
5153481075,2026-09-07 17:46:34,2026-09-07 16:44:00,,Iowa,515,Dropped call or no message,Y
8885216518,2026-09-07 17:46:58,2026-09-07 14:40:00,Salem,Oregon,619,Other,N
8783486583,2026-09-07 17:47:06,2026-09-07 17:37:00,West Mifflin,Pennsylvania,412,"Energy, solar,  & utilities",N
,2026-09-07 17:47:37,2026-09-07 16:16:00,Me,Maine,516,Work from home  & other ways to make money,Y
8447810045,2026-09-07 17:47:44,2026-09-07 15:12:00,Parker,Colorado,303,"Reducing your debt (credit cards, mortgage, student loans)",Y
8638741141,2026-09-07 17:47:56,2026-09-07 16:49:00,,Georgia,404,Other,Y
8553230753,2026-09-07 17:47:58,2026-09-07 15:46:00,Tinley Park,Illinois,404,"Reducing your debt (credit cards, mortgage, student loans)",Y
4253389967,2026-09-07 17:48:26,2026-09-07 13:25:00,Kent,Washington,425,Other,Y
6206353061,2026-09-07 17:48:44,2026-09-03 14:11:00,South Hutchinson,Kansas,620,Other,
8059795500,2026-09-07 17:48:53,2026-09-07 17:42:00,,New York,315,"Calls pretending to be government, businesses, or family and friends",N
8159168045,2026-09-07 17:49:14,2026-08-28 12:17:00,Butler,Georgia,770,"Calls pretending to be government, businesses, or family and friends",Y
8783486581,2026-09-07 17:51:05,2026-09-07 17:37:00,West Mifflin,Pennsylvania,412,"Energy, solar,  & utilities",N
,2026-09-07 17:51:10,2026-09-07 11:50:00,,Arizona,928,"Reducing your debt (credit cards, mortgage, student loans)",Y
,2026-09-07 17:51:25,2026-09-07 14:41:00,Catalina,Arizona,810,Other,N
8336726641,2026-09-07 17:51:27,2026-09-07 14:38:00,Newport Coast,California,562,Other,Y
7853972354,2026-09-07 17:51:47,2026-09-04 15:51:00,South Hutchinson,Kansas,620,Other,
,2026-09-07 17:52:47,2026-09-07 16:40:00,,Virginia,434,Other,Y
6149924867,2026-09-07 17:52:48,2026-09-04 18:33:00,Powell,Ohio,614,Other,Y
6087263133,2026-09-07 17:53:01,2026-08-31 18:38:00,Fitchburg,Wisconsin,608,Other,N
6148798828,2026-09-07 17:53:37,2026-09-05 15:14:00,Powell,Ohio,614,Other,Y
,2026-09-07 17:54:13,2026-09-07 14:45:00,,Indiana,812,Other,Y
,2026-09-07 17:54:15,2026-09-07 07:08:00,Kalispell,Montana,406,"Reducing your debt (credit cards, mortgage, student loans)",Y
6148802952,2026-09-07 17:54:20,2026-09-05 18:20:00,Powell,Ohio,614,Other,Y
7852870913,2026-09-07 17:54:25,2026-09-07 15:25:00,South Hutchinson,Kansas,620,Other,
5514056826,2026-09-07 17:55:03,2026-09-07 21:13:00,Wethersfield,Connecticut,860,Other,Y
6265217097,2026-09-07 17:55:07,2026-09-07 06:13:00,Corona,California,626,"Calls pretending to be government, businesses, or family and friends",N
6148786219,2026-09-07 17:55:13,2026-09-07 14:16:00,Powell,Ohio,614,Other,Y
5619033391,2026-09-07 17:55:24,2026-09-07 05:00:00,,Florida,561,Other,N
8088103041,2026-09-07 17:56:10,2026-09-07 20:44:00,Wethersfield,Connecticut,860,Other,Y
8889051769,2026-09-07 17:56:15,2026-09-04 20:59:00,,California,951,"Reducing your debt (credit cards, mortgage, student loans)",Y
8447573129,2026-09-07 17:56:21,2026-09-04 16:32:00,S Sioux City,Nebraska,712,"Reducing your debt (credit cards, mortgage, student loans)",Y
4472004909,2026-09-07 17:57:04,2026-09-07 00:00:00,Danville,Illinois,217,"Energy, solar,  & utilities",N
7253057566,2026-09-07 17:57:31,2026-09-07 18:20:00,Wethersfield,Connecticut,860,"Lotteries, prizes  & sweepstakes",Y
8883779240,2026-09-07 17:57:41,2026-09-04 12:24:00,S Sioux City,Nebraska,712,"Reducing your debt (credit cards, mortgage, student loans)",Y
5822601331,2026-09-07 17:57:42,2026-09-07 17:02:00,,Pennsylvania,582,"Reducing your debt (credit cards, mortgage, student loans)",Y
9472634624,2026-09-07 17:58:47,2026-09-07 17:55:00,,Michigan,586,Other,Y
8336727299,2026-09-07 17:58:48,2026-09-04 08:17:00,S Sioux City,Nebraska,712,"Reducing your debt (credit cards, mortgage, student loans)",Y
9046173368,2026-09-07 17:58:53,2026-09-07 17:51:00,Jacksonville,Florida,904,"Calls pretending to be government, businesses, or family and friends",Y
8888600052,2026-09-07 17:59:19,2026-09-07 18:15:00,Boston,Massachusetts,617,Warranties  & protection plans,Y
5512457346,2026-09-07 17:59:41,2026-09-07 17:58:00,,Massachusetts,978,No Subject Provided,N
6086486038,2026-09-07 17:59:42,2026-09-04 14:51:00,Fitchburg,Wisconsin,608,No Subject Provided,N
8778821783,2026-09-07 17:59:54,2026-09-07 00:00:00,Davison,Michigan,810,"Reducing your debt (credit cards, mortgage, student loans)",Y
8447583220,2026-09-07 18:01:04,2026-09-07 00:00:00,Davison,Michigan,810,"Reducing your debt (credit cards, mortgage, student loans)",Y
2132962172,2026-09-07 18:01:12,2026-09-07 17:00:00,park ridge,Illinois,312,Computer  & technical support,N
5147039674,2026-09-07 18:01:39,2026-09-07 13:01:00,,Colorado,720,No Subject Provided,N
8778833681,2026-09-07 18:01:40,2026-09-07 00:00:00,Davison,Michigan,810,"Reducing your debt (credit cards, mortgage, student loans)",Y
8447572240,2026-09-07 18:01:52,2026-09-07 11:28:00,Omaha,Nebraska,402,"Reducing your debt (credit cards, mortgage, student loans)",Y
8336404225,2026-09-07 18:02:10,2026-09-03 18:51:00,S Sioux City,Nebraska,712,"Reducing your debt (credit cards, mortgage, student loans)",Y
4128305471,2026-09-07 18:02:19,2026-09-07 13:20:00,North Versailles,Pennsylvania,412,Dropped call or no message,N
8447581110,2026-09-07 18:02:21,2026-09-07 09:19:00,Davison,Michigan,810,"Reducing your debt (credit cards, mortgage, student loans)",Y
8602491809,2026-09-07 18:02:31,2026-09-07 13:35:00,Monroe,Ohio,513,"Calls pretending to be government, businesses, or family and friends",
8558062388,2026-09-07 18:02:43,2026-09-07 16:17:00,Omaha,Nebraska,402,"Reducing your debt (credit cards, mortgage, student loans)",Y
6172079028,2026-09-07 18:02:48,2026-09-07 21:56:00,Wilmington,Massachusetts,617,Other,Y
2178349513,2026-09-07 18:03:08,2026-09-07 13:20:00,KINGSPORT,Tennessee,423,"Reducing your debt (credit cards, mortgage, student loans)",Y
8447572240,2026-09-07 18:03:37,2026-09-07 11:29:00,Omaha,Nebraska,402,"Reducing your debt (credit cards, mortgage, student loans)",Y
8336727316,2026-09-07 18:03:48,2026-09-03 15:52:00,S Sioux City,Nebraska,712,"Reducing your debt (credit cards, mortgage, student loans)",Y
2178349513,2026-09-07 18:04:16,2026-09-07 11:29:00,Omaha,Nebraska,402,"Reducing your debt (credit cards, mortgage, student loans)",Y
8558062388,2026-09-07 18:04:56,2026-09-07 16:18:00,Omaha,Nebraska,402,"Reducing your debt (credit cards, mortgage, student loans)",Y
,2026-09-07 18:05:38,2026-09-07 00:00:00,Miami,Florida,305,Other,Y
5153335599,2026-09-07 18:05:43,2026-09-07 17:03:00,,Iowa,515,Other,Y
3213958702,2026-09-07 18:05:47,2026-09-07 17:06:00,KINGSPORT,Tennessee,423,"Reducing your debt (credit cards, mortgage, student loans)",Y
3213958702,2026-09-07 18:05:56,2026-09-07 16:18:00,Omaha,Nebraska,402,"Reducing your debt (credit cards, mortgage, student loans)",Y
5707416541,2026-09-07 18:06:05,2026-09-07 17:56:00,,Pennsylvania,570,No Subject Provided,Y
8665565081,2026-09-07 18:06:10,2026-09-07 15:56:00,,Virginia,540,"Reducing your debt (credit cards, mortgage, student loans)",Y
5704383482,2026-09-07 18:06:31,2026-09-07 17:45:00,,Pennsylvania,570,No Subject Provided,Y
3213958702,2026-09-07 18:06:44,2026-09-07 15:57:00,,Virginia,540,"Reducing your debt (credit cards, mortgage, student loans)",Y
5708869431,2026-09-07 18:06:53,2026-09-07 13:18:00,,Pennsylvania,570,No Subject Provided,Y
8447812270,2026-09-07 18:07:18,2026-09-07 18:00:00,Miami,Florida,305,Other,Y
5702876440,2026-09-07 18:07:34,2026-09-07 13:09:00,,Pennsylvania,570,No Subject Provided,Y
9043516451,2026-09-07 18:07:46,2026-09-07 18:03:00,jensen beach,Florida,772,Other,Y
5702378371,2026-09-07 18:07:55,2026-09-07 11:33:00,,Pennsylvania,570,No Subject Provided,Y
8158384478,2026-09-07 18:08:02,2026-05-13 14:55:00,Phoenix,Arizona,815,Other,N
2068666248,2026-09-07 18:08:58,2026-09-07 15:05:00,Seattle,Washington,901,Other,N
8663563655,2026-09-07 18:09:43,2026-09-07 19:38:00,Cincinnati,Ohio,513,Other,N
6185519148,2026-09-07 18:09:53,2026-09-07 14:24:00,,California,626,"Calls pretending to be government, businesses, or family and friends",Y
2817695842,2026-09-07 18:10:18,2026-09-07 17:03:00,,Texas,817,Home improvement  & cleaning,N
7754381723,2026-09-07 18:10:37,2026-09-07 14:24:00,,California,626,"Calls pretending to be government, businesses, or family and friends",Y
2706788754,2026-09-07 18:10:50,2026-09-07 17:08:00,Ky,Kentucky,270,Other,N
6232248368,2026-09-07 18:11:09,2026-05-14 13:10:00,Phoenix,Arizona,815,Other,N
9162434087,2026-09-07 18:11:12,2026-09-07 15:08:00,,California,619,"Calls pretending to be government, businesses, or family and friends",Y
2692258043,2026-09-07 18:11:48,2026-09-07 17:02:00,,Illinois,708,Other,Y
2178349513,2026-09-07 18:12:03,2026-09-07 00:00:00,Mountainburg,Arkansas,479,Other,Y
4342254862,2026-09-07 18:12:45,2026-09-07 18:10:00,,Michigan,734,No Subject Provided,
5712617241,2026-09-07 18:12:51,2026-09-07 09:50:00,Blacksburg,Virginia,202,"Calls pretending to be government, businesses, or family and friends",N
7752430920,2026-09-07 18:13:00,2026-09-07 14:24:00,Y,Nevada,775,Other,N
6827273496,2026-09-07 18:13:06,2026-08-20 11:27:00,COPPERAS COVE,Texas,254,"Reducing your debt (credit cards, mortgage, student loans)",Y
6028876345,2026-09-07 18:13:18,2026-05-16 15:56:00,Phoenix,Arizona,815,Other,
3213958702,2026-09-07 18:13:33,2026-09-07 00:00:00,Mountainburg,Arkansas,479,Other,Y
2022025289,2026-09-07 18:14:00,2026-09-07 12:00:00,,Nevada,702,"Calls pretending to be government, businesses, or family and friends",N
8334723053,2026-09-07 18:14:18,2026-05-04 18:42:00,Alexandria,Virginia,703,Other,Y
8558011297,2026-09-07 18:14:42,2026-09-07 12:52:00,,California,619,"Reducing your debt (credit cards, mortgage, student loans)",Y
8046607488,2026-09-07 18:14:46,2026-09-07 18:11:00,Madison Heights,Virginia,434,Dropped call or no message,N
7754381723,2026-09-07 18:14:48,2026-09-07 00:00:00,Mountainburg,Arkansas,479,Other,
8884286964,2026-09-07 18:14:51,2026-09-07 15:09:00,Portland,Oregon,503,Other,Y
6029752918,2026-09-07 18:14:53,2026-05-25 14:30:00,Phoenix,Arizona,815,Other,
3175618814,2026-09-07 18:14:54,2026-09-07 22:12:00,Morgantown,Indiana,317,"Calls pretending to be government, businesses, or family and friends",Y
7752431244,2026-09-07 18:15:07,2026-09-07 12:15:00,Minden,Nevada,775,Other,N
7754058415,2026-09-07 18:15:21,2026-09-07 15:14:00,,Nevada,775,"Reducing your debt (credit cards, mortgage, student loans)",Y
4355742358,2026-09-07 18:15:24,2026-09-07 16:12:00,Florence,Montana,385,Warranties  & protection plans,N
9208241921,2026-09-07 18:15:44,2026-09-07 17:12:00,Madison,Wisconsin,920,Other,N
7754058353,2026-09-07 18:16:08,2026-09-07 13:50:00,,Nevada,775,"Reducing your debt (credit cards, mortgage, student loans)",Y
6232248353,2026-09-07 18:16:13,2026-05-27 16:48:00,Phoenix,Arizona,815,Other,
2548528127,2026-09-07 18:16:21,2026-08-26 09:27:00,COPPERAS COVE,Texas,254,"Reducing your debt (credit cards, mortgage, student loans)",Y
5513157320,2026-09-07 18:16:42,2026-09-07 11:30:00,Bogota,New Jersey,551,Other,N
3479519874,2026-09-07 18:16:53,2026-09-07 16:28:00,Cutler Bay,Florida,305,"Lotteries, prizes  & sweepstakes",N
7876944630,2026-09-07 18:16:56,2026-09-07 00:00:00,,Puerto Rico,787,Medical  & prescriptions,N
,2026-09-07 18:17:03,2026-09-04 18:04:00,Minden,Nevada,775,Other,N
8336727147,2026-09-07 18:17:30,2026-09-07 03:15:00,,California,619,"Reducing your debt (credit cards, mortgage, student loans)",Y
7752431945,2026-09-07 18:17:36,2026-09-07 12:56:00,,Nevada,775,"Reducing your debt (credit cards, mortgage, student loans)",Y
6028848353,2026-09-07 18:17:42,2026-05-29 12:41:00,Phoenix,Arizona,815,Other,
8334723053,2026-09-07 18:17:54,2026-05-04 18:43:00,Alexandria,Virginia,703,"Reducing your debt (credit cards, mortgage, student loans)",Y
8336253241,2026-09-07 18:18:00,2026-09-07 18:03:00,,Virginia,757,"Reducing your debt (credit cards, mortgage, student loans)",Y
8479612137,2026-09-07 18:18:33,2026-09-07 17:08:00,,Illinois,224,Home improvement  & cleaning,N
7752643190,2026-09-07 18:18:44,2026-09-04 18:00:00,Minden,Nevada,775,Other,N
8565999905,2026-09-07 18:18:49,2026-09-07 13:52:00,Hanford,California,559,Other,Y
2272064869,2026-09-07 18:19:06,2026-09-07 13:04:00,,Puerto Rico,787,Medical  & prescriptions,N
6236248406,2026-09-07 18:19:21,2026-06-10 00:00:00,Phoenix,Arizona,815,No Subject Provided,
7754381723,2026-09-07 18:19:37,2026-08-12 14:37:00,,,888,"Calls pretending to be government, businesses, or family and friends",Y
5415784177,2026-09-07 18:19:51,2026-09-07 18:48:00,Albany,Oregon,503,"Calls pretending to be government, businesses, or family and friends",N
728800895,2026-09-07 18:19:59,2026-09-07 12:56:00,Libertyville,Illinois,312,Other,N
8772477967,2026-09-07 18:20:10,2026-09-07 20:37:00,Bella Vista,Arkansas,757,Other,Y
6782472519,2026-09-07 18:20:13,2026-09-07 17:18:00,,Wisconsin,608,Other,Y
6693052082,2026-09-07 18:20:16,2026-09-03 10:55:00,Bellevue,Washington,206,Other,Y
3108239614,2026-09-07 18:20:17,2026-09-07 00:00:00,San Dimas,California,310,"Calls pretending to be government, businesses, or family and friends",N
7752783952,2026-09-07 18:20:31,2026-09-04 18:00:00,Minden,Nevada,775,Other,Y
6232942185,2026-09-07 18:20:32,2026-06-12 10:27:00,Phoenix,Arizona,815,Other,
526635419047,2026-09-07 18:20:54,2026-09-07 15:53:00,,Utah,435,Other,N
3523789895,2026-09-07 18:20:57,2026-09-07 17:57:00,cocoa beach,Florida,352,Other,Y
8068623005,2026-09-07 18:21:02,2026-09-07 17:03:00,,Texas,512,"Energy, solar,  & utilities",N
2128263211,2026-09-07 18:21:14,2026-09-07 11:12:00,Rowland Heights,California,626,Other,N
4237039685,2026-09-07 18:21:24,2026-05-07 17:02:00,Alexandria,Virginia,703,Other,Y
4146444240,2026-09-07 18:21:32,2026-09-07 15:20:00,Modesto,California,209,"Reducing your debt (credit cards, mortgage, student loans)",Y
2812708382,2026-09-07 18:21:43,2026-06-15 12:55:00,Phoenix,Arizona,815,Other,
3214498179,2026-09-07 18:21:51,2026-09-07 12:22:00,cocoa beach,Florida,352,Other,Y
3056194697,2026-09-07 18:22:32,2026-09-07 22:14:00,Wethersfield,Connecticut,860,Other,Y
7754058353,2026-09-07 18:22:41,2026-09-07 15:01:00,Las Vegas,Nevada,775,Other,Y
3658828290,2026-09-07 18:22:57,2026-09-04 17:39:00,Minden,Nevada,775,Other,N
8136096232,2026-09-07 18:23:10,2026-09-07 16:27:00,LUTZ,Florida,813,"Calls pretending to be government, businesses, or family and friends",Y
8665546653,2026-09-07 18:23:47,2026-09-07 18:18:00,Doraville,Georgia,404,"Reducing your debt (credit cards, mortgage, student loans)",Y
3473058257,2026-09-07 18:24:18,2026-09-07 06:22:00,Ridgely,Maryland,302,"Reducing your debt (credit cards, mortgage, student loans)",N
3863553569,2026-09-07 18:24:32,2026-09-04 16:53:00,Minden,Nevada,775,Other,N
,2026-09-07 18:24:33,2026-09-07 12:00:00,,New York,917,"Calls pretending to be government, businesses, or family and friends",Y
2406329474,2026-09-07 18:24:43,2026-05-15 14:20:00,Alexandria,Virginia,703,Other,Y
7278039446,2026-09-07 18:25:32,2026-09-07 18:19:00,Palm Harbor,Florida,727,Other,Y
,2026-09-07 18:25:45,2026-09-07 20:00:00,Kent,Washington,425,No Subject Provided,Y
4055945710,2026-09-07 18:25:59,2026-09-07 17:02:00,Okla,Oklahoma,405,Dropped call or no message,N
7752643238,2026-09-07 18:26:25,2026-09-03 12:36:00,Minden,Nevada,775,Other,N
6038646488,2026-09-07 18:26:48,2026-09-03 12:47:00,,Washington,206,"Calls pretending to be government, businesses, or family and friends",N
8337839407,2026-09-07 18:26:57,2026-09-07 10:19:00,Jackson,Mississippi,601,Warranties  & protection plans,Y
5043996536,2026-09-07 18:27:31,2026-09-03 15:19:00,,Washington,206,"Calls pretending to be government, businesses, or family and friends",N
4134401498,2026-09-07 18:27:37,2026-09-07 21:20:00,Bellingham,Massachusetts,774,"Calls pretending to be government, businesses, or family and friends",N
,2026-09-07 18:27:49,2026-09-07 21:20:00,Chicago,Illinois,708,"Calls pretending to be government, businesses, or family and friends",Y
8884802432,2026-09-07 18:28:16,2026-09-02 14:08:00,,Washington,206,"Calls pretending to be government, businesses, or family and friends",N
6416313376,2026-09-07 18:28:37,2026-09-02 17:15:00,Minden,Nevada,775,Other,N
7314334610,2026-09-07 18:29:09,2026-09-04 16:29:00,Jackson,Mississippi,601,"Reducing your debt (credit cards, mortgage, student loans)",Y
8667012347,2026-09-07 18:29:16,2026-08-20 15:00:00,,Washington,206,"Calls pretending to be government, businesses, or family and friends",N
8665567640,2026-09-07 18:29:23,2026-09-07 15:25:00,Simi Valley,California,858,"Reducing your debt (credit cards, mortgage, student loans)",Y
4157044853,2026-09-07 18:29:25,2026-09-07 17:19:00,Fargo,North Dakota,701,"Reducing your debt (credit cards, mortgage, student loans)",N
8883102379,2026-09-07 18:29:42,2026-09-04 17:38:00,Minden,Nevada,775,Other,N
,2026-09-07 18:29:52,2026-09-07 15:00:00,NV,Nevada,702,Other,N
8335712958,2026-09-07 18:29:53,2026-05-21 14:47:00,Alexandria,Virginia,703,"Reducing your debt (credit cards, mortgage, student loans)",Y
7473682109,2026-09-07 18:30:02,2026-08-20 10:29:00,,Washington,206,"Calls pretending to be government, businesses, or family and friends",N
9312712182,2026-09-07 18:30:37,2026-09-07 17:28:00,,Tennessee,931,No Subject Provided,N
9098376852,2026-09-07 18:30:56,2026-08-19 13:14:00,,Washington,206,"Calls pretending to be government, businesses, or family and friends",N
8667716941,2026-09-07 18:31:14,2026-09-02 17:20:00,Minden,Nevada,775,Other,N
5193055625,2026-09-07 18:32:07,2026-09-05 11:57:00,,Virginia,571,Other,Y
8336253280,2026-09-07 18:32:14,2026-09-07 15:27:00,,Arizona,928,"Reducing your debt (credit cards, mortgage, student loans)",Y
5133950268,2026-09-07 18:32:15,2026-09-07 18:30:00,Cincinnati,Ohio,319,"Energy, solar,  & utilities",N
8664862011,2026-09-07 18:33:02,2026-05-21 19:06:00,Alexandria,Virginia,703,"Reducing your debt (credit cards, mortgage, student loans)",Y
8665560875,2026-09-07 18:33:13,2026-09-07 11:45:00,,Florida,727,"Reducing your debt (credit cards, mortgage, student loans)",Y
8665401312,2026-09-07 18:33:24,2026-09-07 10:16:00,,Arizona,928,"Calls pretending to be government, businesses, or family and friends",Y
4233742589,2026-09-07 18:34:33,2026-09-07 20:19:00,Great Falls,Montana,406,"Lotteries, prizes  & sweepstakes",N
8553231262,2026-09-07 18:34:38,2026-09-07 16:07:00,,Florida,727,"Reducing your debt (credit cards, mortgage, student loans)",Y
8778912815,2026-09-07 18:34:43,2026-09-07 10:05:00,,Arizona,928,"Reducing your debt (credit cards, mortgage, student loans)",Y
5017104076,2026-09-07 18:34:54,2026-09-05 11:24:00,,Virginia,571,Other,Y
7609791148,2026-09-07 18:36:02,2026-09-07 15:32:00,Anaheim,California,714,Other,N
8336727660,2026-09-07 18:36:04,2026-09-07 15:20:00,,California,408,"Reducing your debt (credit cards, mortgage, student loans)",Y
8335775903,2026-09-07 18:36:25,2026-09-07 15:31:00,,Florida,727,"Reducing your debt (credit cards, mortgage, student loans)",Y
7712535019,2026-09-07 18:36:36,2026-09-07 18:26:00,,New York,646,Dropped call or no message,N
6318322559,2026-09-07 18:36:44,2026-09-05 11:18:00,,Virginia,571,Other,Y
8553572026,2026-09-07 18:36:45,2026-09-05 12:52:00,,Arizona,928,"Reducing your debt (credit cards, mortgage, student loans)",Y
8554470058,2026-09-07 18:36:52,2026-05-22 13:55:00,Alexandria,Virginia,703,"Reducing your debt (credit cards, mortgage, student loans)",Y
8663162432,2026-09-07 18:36:55,2026-07-15 18:24:00,,Washington,206,"Calls pretending to be government, businesses, or family and friends",N
9134138283,2026-09-07 18:36:56,2026-09-03 16:26:00,McLean,Virginia,913,"Calls pretending to be government, businesses, or family and friends",N
5415654199,2026-09-07 18:37:22,2026-09-07 14:54:00,,Oregon,503,Home improvement  & cleaning,N
9419440558,2026-09-07 18:37:25,2026-09-05 15:03:00,Long Beach,California,562,"Calls pretending to be government, businesses, or family and friends",Y
8478472471,2026-09-07 18:37:30,2026-09-07 15:41:00,,Illinois,630,No Subject Provided,N
9042240098,2026-09-07 18:37:48,2026-08-05 10:27:00,,Washington,206,"Calls pretending to be government, businesses, or family and friends",N
5174920067,2026-09-07 18:38:06,2026-09-07 18:30:00,,Michigan,810,Other,N
9042240098,2026-09-07 18:38:53,2026-08-07 12:25:00,,Washington,206,"Calls pretending to be government, businesses, or family and friends",N
5026471911,2026-09-07 18:38:55,2026-09-07 06:19:00,,Kentucky,502,No Subject Provided,Y
7737982492,2026-09-07 18:39:13,2026-09-07 16:34:00,,Illinois,630,No Subject Provided,N
8556282183,2026-09-07 18:39:24,2026-05-22 14:06:00,Alexandria,Virginia,703,"Reducing your debt (credit cards, mortgage, student loans)",Y
9288780110,2026-09-07 18:39:26,2026-09-04 19:06:00,,Virginia,571,Other,Y
8436489332,2026-09-07 18:39:32,2026-08-10 13:41:00,,Washington,206,"Calls pretending to be government, businesses, or family and friends",N
9832208701,2026-09-07 18:39:34,2026-09-07 12:00:00,Laurel,Maryland,240,"Calls pretending to be government, businesses, or family and friends",N
6505970107,2026-09-07 18:40:23,2026-08-12 16:33:00,,Washington,206,"Calls pretending to be government, businesses, or family and friends",N
4352519240,2026-09-07 18:40:27,2026-09-07 16:39:00,Florence,Montana,385,Warranties  & protection plans,N
6106867996,2026-09-07 18:40:37,2026-09-07 06:25:00,Reston,Virginia,703,Other,N
3365664917,2026-09-07 18:41:02,2026-08-13 09:01:00,,Washington,206,"Calls pretending to be government, businesses, or family and friends",N
7742585349,2026-09-07 18:41:16,2026-09-04 16:43:00,,Virginia,571,Other,Y
5052637140,2026-09-07 18:41:20,2026-09-07 20:43:00,Frederick,Maryland,505,"Calls pretending to be government, businesses, or family and friends",N
6784740222,2026-09-07 18:41:25,2026-09-07 11:29:00,,Georgia,678,"Reducing your debt (credit cards, mortgage, student loans)",Y
8328273632,2026-09-07 18:41:43,2026-09-07 17:38:00,Kingwood,Texas,832,Home security  & alarms,N
7085408283,2026-09-07 18:41:57,2026-08-18 15:53:00,,Washington,206,"Calls pretending to be government, businesses, or family and friends",N
8557222909,2026-09-07 18:42:28,2026-05-22 18:26:00,Alexandria,Virginia,703,"Reducing your debt (credit cards, mortgage, student loans)",Y
3349177095,2026-09-07 18:43:02,2026-09-04 15:30:00,,Virginia,571,Other,Y
9095050754,2026-09-07 18:43:03,2026-09-07 15:43:00,,California,562,"Reducing your debt (credit cards, mortgage, student loans)",N
6505951652,2026-09-07 18:43:21,2026-09-07 15:37:00,,California,650,"Calls pretending to be government, businesses, or family and friends",N
5105840399,2026-09-07 18:43:37,2026-09-07 17:35:00,Evergreen Park,Illinois,708,Other,N
7177143806,2026-09-07 18:44:02,2026-09-07 18:29:00,Fayetteville,Pennsylvania,717,Home improvement  & cleaning,Y
9735223370,2026-09-07 18:44:11,2026-09-03 11:52:00,Hewitt,New Jersey,973,"Calls pretending to be government, businesses, or family and friends",Y
,2026-09-07 18:44:14,2026-09-07 18:21:00,,Georgia,404,Other,N
4058241123,2026-09-07 18:44:17,2026-09-07 17:27:00,,Oklahoma,405,No Subject Provided,
4348121572,2026-09-07 18:44:19,2026-09-07 18:09:00,,Georgia,706,Other,Y
8558064630,2026-09-07 18:44:30,2026-09-07 08:17:00,,Nebraska,402,"Reducing your debt (credit cards, mortgage, student loans)",Y
9034228465,2026-09-07 18:44:33,2026-09-04 15:07:00,,Virginia,571,Other,Y
8557121693,2026-09-07 18:44:53,2026-05-26 12:59:00,Alexandria,Virginia,703,"Reducing your debt (credit cards, mortgage, student loans)",Y
2013574008,2026-09-07 18:45:06,2026-09-04 11:26:00,Hewitt,New Jersey,973,Dropped call or no message,Y
7744089347,2026-09-07 18:45:27,2026-09-04 09:12:00,,Georgia,706,Other,Y
5733777595,2026-09-07 18:45:58,2026-09-07 05:39:00,Kansas City,Missouri,816,Home improvement  & cleaning,N
8665402774,2026-09-07 18:46:06,2026-09-07 10:55:00,,Nebraska,402,"Calls pretending to be government, businesses, or family and friends",Y
7729074948,2026-09-07 18:46:13,2026-09-03 12:21:00,,Georgia,706,Other,Y
9735499168,2026-09-07 18:46:18,2026-09-04 15:47:00,Hewitt,New Jersey,973,Dropped call or no message,Y
8455027796,2026-09-07 18:46:19,2026-09-04 14:52:00,,Virginia,571,Other,Y
3213958702,2026-09-07 18:46:37,2026-09-07 18:44:00,,Florida,813,"Reducing your debt (credit cards, mortgage, student loans)",Y
9738736389,2026-09-07 18:47:02,2026-09-04 16:30:00,Hewitt,New Jersey,973,Dropped call or no message,Y
8553440468,2026-09-07 18:47:09,2026-05-28 15:28:00,Alexandria,Virginia,703,"Reducing your debt (credit cards, mortgage, student loans)",Y
7743269865,2026-09-07 18:47:12,2026-09-03 10:48:00,,Georgia,706,Other,Y
8553308653,2026-09-07 18:47:15,2025-11-04 07:58:00,,Washington,206,"Calls pretending to be government, businesses, or family and friends",N
7748087152,2026-09-07 18:47:48,2026-09-07 18:44:00,,Michigan,248,"Reducing your debt (credit cards, mortgage, student loans)",Y
9734056521,2026-09-07 18:48:09,2026-09-07 18:29:00,Hewitt,New Jersey,973,Home security  & alarms,Y
4033851913,2026-09-07 18:48:14,2026-09-04 11:24:00,,Virginia,571,Other,Y
8046669658,2026-09-07 18:48:17,2026-09-01 16:21:00,,Georgia,706,Other,Y
8883408698,2026-09-07 18:48:26,2026-09-07 11:48:00,,Nebraska,402,"Reducing your debt (credit cards, mortgage, student loans)",Y
4057051288,2026-09-07 18:48:42,2026-09-07 10:55:00,,Oklahoma,405,No Subject Provided,
8447574598,2026-09-07 18:49:29,2026-09-07 17:59:00,,New Jersey,609,"Reducing your debt (credit cards, mortgage, student loans)",Y
8564072287,2026-09-07 18:50:03,2026-08-31 11:28:00,,Georgia,706,Other,Y
4057649543,2026-09-07 18:50:05,2026-09-04 13:38:00,,Oklahoma,405,No Subject Provided,
8447573135,2026-09-07 18:50:14,2026-09-07 14:24:00,,Nebraska,402,"Reducing your debt (credit cards, mortgage, student loans)",Y
8889900413,2026-09-07 18:50:27,2026-05-27 12:05:00,Alexandria,Virginia,703,"Reducing your debt (credit cards, mortgage, student loans)",Y
4709100714,2026-09-07 18:51:15,2026-08-26 14:18:00,,Georgia,706,Other,Y
3213958702,2026-09-07 18:51:17,2026-09-07 12:00:00,Pasadena,California,714,"Reducing your debt (credit cards, mortgage, student loans)",Y
7194679865,2026-09-07 18:51:23,2026-09-07 00:00:00,Colorado Springs,Colorado,719,Home improvement  & cleaning,N
2178349513,2026-09-07 18:51:37,2026-09-07 06:51:00,Glendale,Arizona,602,"Reducing your debt (credit cards, mortgage, student loans)",Y
8664997459,2026-09-07 18:51:41,2026-09-07 14:25:00,Glendale,Arizona,602,"Reducing your debt (credit cards, mortgage, student loans)",Y
2096271529,2026-09-07 18:52:05,2026-09-07 18:45:00,Fl,Florida,941,Other,N
7087168257,2026-09-07 18:52:06,2026-08-26 14:13:00,,Georgia,706,Other,Y
6034025051,2026-09-07 18:52:24,2025-12-08 11:41:00,,Washington,206,"Calls pretending to be government, businesses, or family and friends",N
7043865681,2026-09-07 18:52:35,2026-09-07 15:49:00,,California,949,"Calls pretending to be government, businesses, or family and friends",N
3213958702,2026-09-07 18:53:20,2026-09-07 18:20:00,,Massachusetts,617,Other,
2028165116,2026-09-07 18:54:01,2026-05-27 14:10:00,Alexandria,Virginia,703,Other,Y
8447814505,2026-09-07 18:54:06,2026-09-07 14:51:00,Fremont,California,844,"Reducing your debt (credit cards, mortgage, student loans)",Y
575518042,2026-09-07 18:54:20,2026-09-07 03:40:00,simi valley,California,310,"Reducing your debt (credit cards, mortgage, student loans)",N
8446906492,2026-09-07 18:54:25,2026-09-07 18:14:00,Wesley Chapel,Florida,813,"Reducing your debt (credit cards, mortgage, student loans)",Y
8042596834,2026-09-07 18:54:43,2026-09-04 11:08:00,,Virginia,571,"Calls pretending to be government, businesses, or family and friends",Y
8337472275,2026-09-07 18:54:51,2026-09-07 10:13:00,Modesto,California,209,"Reducing your debt (credit cards, mortgage, student loans)",
2164254365,2026-09-07 18:56:00,2026-09-04 09:37:00,,Virginia,571,Other,Y
6782477312,2026-09-07 18:56:14,2026-09-07 15:50:00,Phoenix,Arizona,810,"Reducing your debt (credit cards, mortgage, student loans)",N
5408355156,2026-09-07 18:56:19,2026-08-27 00:00:00,Bristow,Virginia,540,"Calls pretending to be government, businesses, or family and friends",
5409243431,2026-09-07 18:56:32,2026-08-27 00:00:00,Bristow,Virginia,540,"Calls pretending to be government, businesses, or family and friends",
8336640480,2026-09-07 18:56:39,2026-05-27 15:14:00,Alexandria,Virginia,703,"Reducing your debt (credit cards, mortgage, student loans)",Y
4342534255,2026-09-07 18:56:43,2026-08-28 00:00:00,Bristow,Virginia,540,"Calls pretending to be government, businesses, or family and friends",
5408355156,2026-09-07 18:56:56,2026-08-28 00:00:00,Bristow,Virginia,540,"Calls pretending to be government, businesses, or family and friends",
5409241960,2026-09-07 18:57:08,2026-08-28 00:00:00,Bristow,Virginia,540,"Calls pretending to be government, businesses, or family and friends",
5409241960,2026-09-07 18:57:20,2026-08-28 00:00:00,Bristow,Virginia,540,"Calls pretending to be government, businesses, or family and friends",
,2026-09-07 18:57:29,2026-09-07 20:16:00,statesville,North Carolina,704,"Calls pretending to be government, businesses, or family and friends",Y
8566878806,2026-09-07 18:57:42,2026-09-03 20:52:00,,Virginia,571,Other,Y
8557900186,2026-09-07 18:59:01,2026-05-27 18:14:00,Alexandria,Virginia,703,"Reducing your debt (credit cards, mortgage, student loans)",Y
8778837984,2026-09-07 18:59:35,2026-09-07 15:46:00,Gilbert,Arizona,520,"Reducing your debt (credit cards, mortgage, student loans)",Y
2093103627,2026-09-07 18:59:39,2026-09-07 15:51:00,Modesto,California,209,"Calls pretending to be government, businesses, or family and friends",N
8333474081,2026-09-07 18:59:45,2026-09-03 15:27:00,,Virginia,571,Other,Y
7039935489,2026-09-07 19:00:23,2026-09-07 18:58:00,Yorktown,Virginia,703,Dropped call or no message,Y
7635015759,2026-09-07 19:00:26,2026-09-07 12:00:00,Las Vegas,Nevada,702,"Calls pretending to be government, businesses, or family and friends",N
8447573188,2026-09-07 19:00:31,2026-09-04 15:49:00,Smyrna,Tennessee,615,"Reducing your debt (credit cards, mortgage, student loans)",Y
7075316399,2026-09-07 19:00:46,2026-09-07 18:19:00,Hopewell,California,408,"Reducing your debt (credit cards, mortgage, student loans)",Y
8139957220,2026-09-07 19:01:06,2026-09-07 18:51:00,LUTZ,Florida,813,"Calls pretending to be government, businesses, or family and friends",Y
2542615448,2026-09-07 19:01:16,2026-09-07 18:00:00,Port Neches,Texas,409,Home improvement  & cleaning,N
3213958702,2026-09-07 19:01:17,2026-09-07 18:19:00,Hopewell,California,408,"Reducing your debt (credit cards, mortgage, student loans)",Y
8337756885,2026-09-07 19:01:27,2026-09-07 15:45:00,Scottsdale,Arizona,480,"Reducing your debt (credit cards, mortgage, student loans)",Y
6099371392,2026-09-07 19:01:31,2026-05-28 10:32:00,Alexandria,Virginia,703,Other,Y
7039970802,2026-09-07 19:01:44,2026-09-03 17:34:00,Yorktown,Virginia,703,Dropped call or no message,Y
9035021245,2026-09-07 19:01:57,2026-09-03 14:28:00,,Virginia,571,Other,Y
8662405113,2026-09-07 19:02:35,2026-09-07 14:24:00,,California,909,Computer  & technical support,Y
3152264798,2026-09-07 19:04:09,2026-09-05 11:14:00,Gilbert,Arizona,520,"Calls pretending to be government, businesses, or family and friends",Y
7573943097,2026-09-07 19:04:26,2026-05-28 11:13:00,Alexandria,Virginia,703,Other,Y
5613560951,2026-09-07 19:04:46,2026-09-07 00:00:00,,Florida,772,Other,Y
5619309542,2026-09-07 19:05:05,2026-09-07 18:57:00,,Florida,917,Other,N
9498793304,2026-09-07 19:05:33,2026-09-07 10:15:00,San Dimas,California,909,Other,Y
9715216194,2026-09-07 19:05:38,2026-09-07 16:02:00,Portland,Oregon,503,Home improvement  & cleaning,N
7607063845,2026-09-07 19:06:17,2026-09-07 19:04:00,,Michigan,734,No Subject Provided,
2028719364,2026-09-07 19:06:17,2026-05-28 13:38:00,Alexandria,Virginia,703,Other,Y
8665561794,2026-09-07 19:06:54,2026-09-04 18:04:00,Smyrna,Tennessee,615,"Reducing your debt (credit cards, mortgage, student loans)",Y
8449276280,2026-09-07 19:07:03,2026-09-07 17:43:00,Omaha,Nebraska,402,"Calls pretending to be government, businesses, or family and friends",Y
3436465908,2026-09-07 19:07:05,2026-09-07 16:00:00,Alta loma,California,909,Other,Y
8334865370,2026-09-07 19:07:55,2026-05-28 13:40:00,Alexandria,Virginia,703,Other,Y
8664804764,2026-09-07 19:08:40,2026-09-04 20:22:00,Smyrna,Tennessee,615,"Reducing your debt (credit cards, mortgage, student loans)",Y
3182954163,2026-09-07 19:08:53,2026-09-07 16:43:00,,Louisiana,318,Warranties  & protection plans,Y
4244562126,2026-09-07 19:09:01,2026-09-03 04:59:00,,California,909,Other,Y
8557935895,2026-09-07 19:09:38,2026-09-07 19:53:00,Hurricane,Utah,855,Other,Y
5592022192,2026-09-07 19:09:53,2026-09-07 17:43:00,,California,909,Other,Y
8552840342,2026-09-07 19:10:02,2026-05-28 18:51:00,Alexandria,Virginia,703,Other,Y
8777203612,2026-09-07 19:10:09,2026-09-07 12:29:00,Smyrna,Tennessee,615,"Reducing your debt (credit cards, mortgage, student loans)",Y
3145843092,2026-09-07 19:10:20,2026-09-07 18:07:00,St. Louis,Missouri,314,Other,N
7744509823,2026-09-07 19:10:50,2026-09-04 08:19:00,Highland Park,Illinois,773,Other,Y
7276303746,2026-09-07 19:10:58,2026-09-07 00:00:00,,Florida,727,Other,N
8176709342,2026-09-07 19:11:07,2026-09-07 18:05:00,Kingston,Oklahoma,405,Other,N
8446627447,2026-09-07 19:11:54,2026-09-07 16:08:00,Carrollton,Georgia,678,Other,Y
8883778461,2026-09-07 19:11:59,2026-09-07 12:35:00,Smyrna,Tennessee,615,"Reducing your debt (credit cards, mortgage, student loans)",Y
8884982473,2026-09-07 19:12:11,2026-05-28 14:44:00,Alexandria,Virginia,703,Other,Y
7154422089,2026-09-07 19:12:13,2026-09-07 00:00:00,Black River Falls,Wisconsin,715,No Subject Provided,
8553612664,2026-09-07 19:12:23,2026-09-07 19:09:00,Ann Arbor,Michigan,855,"Reducing your debt (credit cards, mortgage, student loans)",Y
6507134761,2026-09-07 19:12:34,2026-09-07 22:07:00,,Texas,972,"Calls pretending to be government, businesses, or family and friends",Y
9783933538,2026-09-07 19:13:19,2026-09-07 18:57:00,,Massachusetts,978,Dropped call or no message,N
8127653476,2026-09-07 19:13:36,2026-09-07 19:09:00,,Indiana,812,Other,Y
8336457579,2026-09-07 19:13:44,2026-09-07 15:55:00,Decatur,Alabama,479,Warranties  & protection plans,Y
8557224844,2026-09-07 19:13:59,2026-05-29 18:18:00,Alexandria,Virginia,703,"Reducing your debt (credit cards, mortgage, student loans)",Y
8778834712,2026-09-07 19:14:17,2026-09-07 16:02:00,Smyrna,Tennessee,615,"Reducing your debt (credit cards, mortgage, student loans)",Y
4055457843,2026-09-07 19:14:35,2026-09-07 17:35:00,Oklahoma City,Oklahoma,405,Dropped call or no message,Y
6788144704,2026-09-07 19:15:02,2026-09-07 17:56:00,,Georgia,678,Other,N
4058522369,2026-09-07 19:15:16,2026-09-07 16:12:00,Oklahoma City,Oklahoma,405,Dropped call or no message,Y
4052998261,2026-09-07 19:15:52,2026-09-07 14:26:00,Oklahoma City,Oklahoma,405,Dropped call or no message,Y
8335686568,2026-09-07 19:16:01,2026-09-07 18:15:00,Minneapolis,Minnesota,605,"Reducing your debt (credit cards, mortgage, student loans)",Y
8772659912,2026-09-07 19:16:04,2026-05-30 10:19:00,Alexandria,Virginia,703,Other,Y
5804051373,2026-09-07 19:16:26,2026-09-07 14:07:00,Oklahoma City,Oklahoma,405,Dropped call or no message,Y
7754381723,2026-09-07 19:16:35,2026-09-07 14:09:00,,,844,"Reducing your debt (credit cards, mortgage, student loans)",Y
8778913025,2026-09-07 19:16:50,2026-09-07 19:15:00,,Kentucky,606,"Reducing your debt (credit cards, mortgage, student loans)",Y
8778836231,2026-09-07 19:17:16,2026-09-07 15:55:00,,Illinois,708,Other,Y
8665548356,2026-09-07 19:17:18,2026-09-07 16:55:00,,Illinois,312,"Reducing your debt (credit cards, mortgage, student loans)",N
8778835610,2026-09-07 19:17:58,2026-09-07 15:54:00,,Massachusetts,978,Other,Y
8505799555,2026-09-07 19:17:59,2026-09-07 17:44:00,,Florida,850,Dropped call or no message,Y
8447574776,2026-09-07 19:18:14,2026-09-07 18:11:00,,Illinois,708,Other,Y
8553572026,2026-09-07 19:18:22,2026-09-06 00:00:00,Kingston,Washington,206,Other,Y
8555644650,2026-09-07 19:18:23,2026-09-07 19:17:00,,Massachusetts,978,Other,Y
6368510887,2026-09-07 19:19:47,2026-09-07 17:29:00,Affton,Missouri,636,"Reducing your debt (credit cards, mortgage, student loans)",Y
9012674742,2026-09-07 19:20:41,2026-09-07 14:25:00,,Tennessee,901,Other,Y
7087066560,2026-09-07 19:20:54,2026-09-07 17:46:00,Matteson,Illinois,773,No Subject Provided,N
8778836231,2026-09-07 19:20:57,2026-09-07 16:55:00,Chapel Hill,North Carolina,919,"Reducing your debt (credit cards, mortgage, student loans)",Y
8449276836,2026-09-07 19:21:13,2026-09-07 16:16:00,Los Angeles,California,323,Other,Y
8666012946,2026-09-07 19:21:28,2026-06-01 16:49:00,Alexandria,Virginia,703,"Reducing your debt (credit cards, mortgage, student loans)",Y
8558064597,2026-09-07 19:21:45,2026-09-07 16:36:00,Cleveland,Georgia,706,Other,Y
,2026-09-07 19:22:03,2026-09-04 15:10:00,,California,818,"Reducing your debt (credit cards, mortgage, student loans)",Y
6507627941,2026-09-07 19:22:13,2026-09-07 16:19:00,EL GRANADA,California,650,"Reducing your debt (credit cards, mortgage, student loans)",Y
8665548631,2026-09-07 19:22:18,2026-09-07 19:21:00,,New Jersey,856,"Reducing your debt (credit cards, mortgage, student loans)",Y
8709856856,2026-09-07 19:22:33,2026-09-07 17:41:00,Arkansas,Arkansas,833,Other,Y
,2026-09-07 19:22:37,2026-09-07 17:49:00,,Georgia,762,Other,N
8173919217,2026-09-07 19:22:52,2026-09-07 18:18:00,Fort Worth,Texas,817,Other,N
8778913025,2026-09-07 19:22:52,2026-09-07 19:16:00,Chapel Hill,North Carolina,919,"Reducing your debt (credit cards, mortgage, student loans)",Y
8557954543,2026-09-07 19:22:57,2026-09-07 18:36:00,Cleveland,Georgia,706,Other,Y
8042848435,2026-09-07 19:23:05,2026-09-07 22:00:00,Horse Cave,Kentucky,270,"Lotteries, prizes  & sweepstakes",N
7088889697,2026-09-07 19:23:15,2026-09-07 06:20:00,Millington,Tennessee,901,"Reducing your debt (credit cards, mortgage, student loans)",Y
8665962023,2026-09-07 19:23:22,2026-06-01 19:23:00,Alexandria,Virginia,703,Other,Y
,2026-09-07 19:23:36,2026-09-05 00:00:00,,Minnesota,952,"Lotteries, prizes  & sweepstakes",N
7076254318,2026-09-07 19:23:46,2026-09-07 16:17:00,,California,310,"Reducing your debt (credit cards, mortgage, student loans)",Y
8336726547,2026-09-07 19:24:17,2026-09-07 19:18:00,Cleveland,Georgia,706,Other,Y
5094439195,2026-09-07 19:24:51,2026-09-07 15:46:00,Spokane valley,Washington,509,"Calls pretending to be government, businesses, or family and friends",Y
8665320423,2026-09-07 19:25:40,2026-06-02 08:32:00,Alexandria,Virginia,703,Other,Y
,2026-09-07 19:25:59,2026-09-03 16:20:00,,Alaska,907,Other,Y
,2026-09-07 19:26:39,2026-09-07 02:15:00,,California,909,Other,Y
5396678168,2026-09-07 19:27:06,2026-09-07 18:20:00,Jenks,Oklahoma,954,Home improvement  & cleaning,
5206529060,2026-09-07 19:27:26,2026-09-07 14:38:00,,California,626,Other,Y
3373215553,2026-09-07 19:27:32,2026-09-07 18:23:00,Lafayette,Louisiana,337,Medical  & prescriptions,Y
,2026-09-07 19:27:45,2026-09-07 00:00:00,,District of Columbia,202,No Subject Provided,N
8665545067,2026-09-07 19:28:12,2026-09-07 18:23:00,Smyrna,Tennessee,954,Other,Y
5096784401,2026-09-07 19:28:15,2026-09-07 13:09:00,Spokane valley,Washington,509,"Calls pretending to be government, businesses, or family and friends",Y
9729624072,2026-09-07 19:28:28,2026-09-07 18:23:00,FORT WORTH,Texas,972,"Calls pretending to be government, businesses, or family and friends",N
2544627773,2026-09-07 19:28:35,2026-09-06 13:23:00,Lillington,North Carolina,502,"Reducing your debt (credit cards, mortgage, student loans)",Y
8339088747,2026-09-07 19:28:37,2026-06-05 19:03:00,Alexandria,Virginia,703,Other,Y
3072094322,2026-09-07 19:28:53,2026-09-07 17:26:00,,Wyoming,307,No Subject Provided,
7753052258,2026-09-07 19:28:59,2026-09-07 16:26:00,Minden,Nevada,775,Other,N
3234128655,2026-09-07 19:28:59,2026-09-07 15:39:00,Redondo Beach,California,310,Dropped call or no message,N
6264143386,2026-09-07 19:29:23,2026-09-07 11:13:00,Redondo Beach,California,310,Dropped call or no message,N
9432186949,2026-09-07 19:29:29,2026-09-07 16:41:00,Macon,Georgia,478,"Reducing your debt (credit cards, mortgage, student loans)",Y
8336726311,2026-09-07 19:29:43,2026-09-07 17:22:00,Dacula,Georgia,313,Other,Y
8054644670,2026-09-07 19:29:46,2026-08-28 19:00:00,Washington,Utah,801,"Calls pretending to be government, businesses, or family and friends",N
8059512255,2026-09-07 19:29:52,2026-09-07 10:17:00,Redondo Beach,California,310,Dropped call or no message,N
4245084910,2026-09-07 19:30:27,2026-09-06 17:41:00,Redondo Beach,California,310,Dropped call or no message,N
8335540123,2026-09-07 19:30:57,2026-08-11 12:00:00,,Utah,801,"Lotteries, prizes  & sweepstakes",Y
8332612849,2026-09-07 19:30:57,2026-06-11 16:52:00,Alexandria,Virginia,703,Other,Y
6265175485,2026-09-07 19:31:03,2026-09-06 17:20:00,Redondo Beach,California,310,Dropped call or no message,N
8558011451,2026-09-07 19:31:34,2026-09-07 15:29:00,,Nevada,775,"Reducing your debt (credit cards, mortgage, student loans)",Y
8569941261,2026-09-07 19:31:51,2026-09-07 17:04:00,,Illinois,708,"Reducing your debt (credit cards, mortgage, student loans)",Y
4059563802,2026-09-07 19:32:07,2026-09-07 18:30:00,Oklahoma City,Oklahoma,405,Other,Y
8336727619,2026-09-07 19:32:30,2026-09-07 12:13:00,,Nevada,775,"Reducing your debt (credit cards, mortgage, student loans)",Y
2127060991,2026-09-07 19:32:58,2026-09-07 19:25:00,Deer park,New York,631,Other,N
8336253602,2026-09-07 19:33:30,2026-09-07 07:52:00,,Nevada,775,"Reducing your debt (credit cards, mortgage, student loans)",Y
8337406197,2026-09-07 19:33:44,2026-07-17 15:54:00,Alexandria,Virginia,703,Other,Y
3618532474,2026-09-07 19:34:03,2026-09-07 18:25:00,,Texas,346,Home security  & alarms,Y
8447814752,2026-09-07 19:34:34,2026-09-05 08:12:00,,Nevada,775,"Reducing your debt (credit cards, mortgage, student loans)",Y
8447573069,2026-09-07 19:35:34,2026-09-04 18:08:00,,Nevada,775,"Reducing your debt (credit cards, mortgage, student loans)",Y
6208919606,2026-09-07 19:35:38,2026-09-07 14:39:00,COFFEYVILLE,Kansas,620,Other,Y
5179759359,2026-09-07 19:36:03,2026-09-07 17:28:00,Chicago,Illinois,517,"Reducing your debt (credit cards, mortgage, student loans)",Y
4356357344,2026-09-07 19:36:17,2026-09-07 17:34:00,Florence,Montana,385,Warranties  & protection plans,N
8332101971,2026-09-07 19:36:26,2026-07-23 15:57:00,Alexandria,Virginia,703,Other,Y
8447813092,2026-09-07 19:36:31,2026-09-04 15:57:00,,Nevada,775,"Reducing your debt (credit cards, mortgage, student loans)",Y
5055279860,2026-09-07 19:36:50,2026-09-07 16:47:00,Albuquerque,New Mexico,505,Other,N
8778833961,2026-09-07 19:37:30,2026-09-04 13:47:00,,Nevada,775,"Reducing your debt (credit cards, mortgage, student loans)",Y
8336725947,2026-09-07 19:38:26,2026-09-04 10:14:00,,Nevada,775,"Reducing your debt (credit cards, mortgage, student loans)",Y
6208294275,2026-09-07 19:38:31,2026-09-07 14:54:00,COFFEYVILLE,Kansas,620,Other,Y
7088740856,2026-09-07 19:38:41,2026-09-07 18:20:00,Louisiana,Louisiana,318,Other,Y
8555647182,2026-09-07 19:39:01,2026-09-07 10:41:00,La Vista,Nebraska,402,Other,Y
9493123462,2026-09-07 19:39:10,2026-07-24 17:47:00,Alexandria,Virginia,703,Other,Y
8778857508,2026-09-07 19:39:32,2026-09-04 06:46:00,,Nevada,775,"Reducing your debt (credit cards, mortgage, student loans)",Y
2082369347,2026-09-07 19:40:08,2026-09-07 16:33:00,Bonners Ferry,Idaho,208,Other,N
8778832380,2026-09-07 19:40:16,2026-09-07 13:50:00,La Vista,Nebraska,402,Other,Y
7857893293,2026-09-07 19:40:25,2026-09-07 10:34:00,Salina,Kansas,785,No Subject Provided,Y
8447583049,2026-09-07 19:40:29,2026-09-03 14:43:00,,Nevada,775,"Reducing your debt (credit cards, mortgage, student loans)",Y
4348884624,2026-09-07 19:40:58,2026-09-07 18:14:00,Louisiana,Louisiana,318,Other,Y
7403947900,2026-09-07 19:41:03,2026-09-07 19:33:00,,Ohio,740,Dropped call or no message,N
8555645845,2026-09-07 19:41:05,2026-09-07 18:25:00,La Vista,Nebraska,402,Other,Y
7853841415,2026-09-07 19:41:37,2026-09-07 12:53:00,Salina,Kansas,785,No Subject Provided,Y
8558063999,2026-09-07 19:41:41,2026-09-03 10:38:00,,Nevada,775,"Reducing your debt (credit cards, mortgage, student loans)",Y
8157920389,2026-09-07 19:41:42,2026-09-07 19:38:00,,Tennessee,901,Other,Y
6098319729,2026-09-07 19:41:50,2026-09-07 00:00:00,,Illinois,815,No Subject Provided,
5168662212,2026-09-07 19:42:01,2026-09-07 13:01:00,Malverne,New York,516,Dropped call or no message,Y
8889068672,2026-09-07 19:42:49,2026-07-30 17:59:00,Alexandria,Virginia,703,Other,Y
8336727324,2026-09-07 19:42:58,2026-09-02 13:25:00,,Nevada,775,"Reducing your debt (credit cards, mortgage, student loans)",Y
3213958702,2026-09-07 19:43:09,2026-09-07 19:39:00,,Tennessee,901,Other,Y
8665562312,2026-09-07 19:43:48,2026-09-07 19:40:00,Miami,Florida,305,Other,Y
8665563802,2026-09-07 19:44:00,2026-09-02 11:06:00,,Nevada,775,"Reducing your debt (credit cards, mortgage, student loans)",Y
,2026-09-07 19:44:21,2026-09-07 00:01:00,Jeffersonville,Indiana,812,"Calls pretending to be government, businesses, or family and friends",Y
5624490519,2026-09-07 19:44:22,2026-09-07 16:38:00,,California,916,Other,Y
6405005860,2026-09-07 19:44:23,2026-09-07 16:36:00,Chugiak,Alaska,907,Other,Y
8056734128,2026-09-07 19:44:51,2026-09-07 16:35:00,Louisiana,Louisiana,318,Other,Y
6105422470,2026-09-07 19:44:58,2026-09-07 16:49:00,Emmaus,Pennsylvania,610,Other,Y
8887489034,2026-09-07 19:45:10,2026-09-01 16:43:00,,Nevada,775,"Reducing your debt (credit cards, mortgage, student loans)",Y
6105880059,2026-09-07 19:45:37,2026-09-07 15:22:00,Emmaus,Pennsylvania,610,Other,Y
8778333180,2026-09-07 19:45:56,2026-09-07 13:04:00,,Maryland,240,"Calls pretending to be government, businesses, or family and friends",Y
7253498671,2026-09-07 19:46:18,2026-07-31 15:16:00,Alexandria,Virginia,703,Other,Y
8447574028,2026-09-07 19:46:24,2026-09-01 10:48:00,,Nevada,775,"Reducing your debt (credit cards, mortgage, student loans)",Y
7086307680,2026-09-07 19:46:31,2026-09-01 12:00:00,Orland Park,Illinois,708,Other,Y
6507017492,2026-09-07 19:46:49,2026-09-07 23:28:00,,New York,607,"Calls pretending to be government, businesses, or family and friends",N
8336723590,2026-09-07 19:47:06,2026-09-07 03:15:00,,Maryland,240,"Calls pretending to be government, businesses, or family and friends",Y
8336727406,2026-09-07 19:47:18,2026-09-07 17:31:00,,Massachusetts,617,"Reducing your debt (credit cards, mortgage, student loans)",Y
8778833052,2026-09-07 19:47:29,2026-09-01 06:11:00,,Nevada,775,"Reducing your debt (credit cards, mortgage, student loans)",Y
2569995128,2026-09-07 19:47:42,2026-09-07 16:04:00,Tucson,Arizona,866,"Reducing your debt (credit cards, mortgage, student loans)",Y
8324130466,2026-09-07 19:48:06,2026-09-04 14:00:00,,Texas,832,Other,N
7262491726,2026-09-07 19:48:20,2026-09-07 18:45:00,Sapulpa,Oklahoma,309,Other,Y
7086307680,2026-09-07 19:48:28,2026-09-07 11:00:00,Orland Park,Illinois,708,Other,Y
8449275880,2026-09-07 19:48:47,2026-08-31 14:38:00,,Nevada,775,"Reducing your debt (credit cards, mortgage, student loans)",Y
3035298247,2026-09-07 19:48:55,2026-09-07 16:02:00,Longmont,Colorado,303,Other,Y
8883661366,2026-09-07 19:48:56,2026-09-07 16:11:00,,New Jersey,908,"Reducing your debt (credit cards, mortgage, student loans)",Y
5612121516,2026-09-07 19:48:57,2026-09-07 11:04:00,,Florida,561,No Subject Provided,Y
4259445201,2026-09-07 19:48:57,2026-09-07 15:53:00,Everett,Washington,425,Dropped call or no message,N
6184318758,2026-09-07 19:49:01,2026-07-31 17:07:00,Alexandria,Virginia,703,Other,Y
8336727147,2026-09-07 19:49:06,2026-09-07 18:15:00,,Maryland,240,"Calls pretending to be government, businesses, or family and friends",Y
7754381723,2026-09-07 19:49:27,2026-09-07 16:07:00,,California,650,"Calls pretending to be government, businesses, or family and friends",Y
8449276496,2026-09-07 19:49:48,2026-08-31 11:21:00,,Nevada,775,"Reducing your debt (credit cards, mortgage, student loans)",Y
8449276836,2026-09-07 19:49:54,2026-09-07 17:17:00,Colorado springs,Colorado,719,"Reducing your debt (credit cards, mortgage, student loans)",Y
8664967216,2026-09-07 19:50:13,2026-09-07 11:49:00,,New Jersey,908,"Reducing your debt (credit cards, mortgage, student loans)",Y
8665565204,2026-09-07 19:50:45,2026-08-31 06:12:00,,Nevada,775,"Reducing your debt (credit cards, mortgage, student loans)",Y
8332117261,2026-09-07 19:51:35,2026-07-31 17:09:00,Alexandria,Virginia,703,Other,Y
5127101045,2026-09-07 19:52:00,2026-09-07 22:40:00,Austin,Texas,512,Warranties  & protection plans,Y
8336726795,2026-09-07 19:52:25,2026-08-29 09:31:00,,Nevada,775,"Reducing your debt (credit cards, mortgage, student loans)",Y
8558061824,2026-09-07 19:53:25,2026-09-07 19:47:00,Cape Coral,Florida,239,"Reducing your debt (credit cards, mortgage, student loans)",Y
8778834193,2026-09-07 19:53:29,2026-08-28 14:40:00,,Nevada,775,"Reducing your debt (credit cards, mortgage, student loans)",Y
6184504029,2026-09-07 19:54:03,2026-09-07 20:34:00,Riverside,Iowa,319,Other,Y
771203241,2026-09-07 19:54:13,2026-09-07 17:48:00,West Wendover,Nevada,775,Dropped call or no message,Y
7867441587,2026-09-07 19:54:13,2026-09-07 00:00:00,Miami,Florida,786,Other,Y
8665547292,2026-09-07 19:54:40,2026-08-28 10:41:00,,Nevada,775,"Reducing your debt (credit cards, mortgage, student loans)",Y
4804804137,2026-09-07 19:54:55,2026-09-07 17:21:00,,Arizona,480,No Subject Provided,Y
5088094990,2026-09-07 19:54:57,2026-09-07 10:49:00,,Massachusetts,508,Home security  & alarms,N
8133080395,2026-09-07 19:55:08,2026-09-07 19:39:00,LUTZ,Florida,813,Other,Y
8555646901,2026-09-07 19:55:38,2026-09-07 13:20:00,Hollywood,Florida,786,"Reducing your debt (credit cards, mortgage, student loans)",Y
8447583162,2026-09-07 19:55:47,2026-08-28 08:36:00,,Nevada,775,"Reducing your debt (credit cards, mortgage, student loans)",Y
,2026-09-07 19:56:33,2026-09-04 13:00:00,Waverly,Iowa,319,"Lotteries, prizes  & sweepstakes",N
8778832730,2026-09-07 19:56:35,2026-09-07 16:47:00,Hollywood,Florida,786,"Reducing your debt (credit cards, mortgage, student loans)",Y
2092548281,2026-09-07 19:57:24,2026-09-07 16:50:00,Elk Grove,California,408,"Calls pretending to be government, businesses, or family and friends",N
8665560921,2026-09-07 19:57:25,2026-09-07 19:50:00,Hollywood,Florida,786,"Reducing your debt (credit cards, mortgage, student loans)",Y
6184504029,2026-09-07 19:57:32,2026-09-07 16:34:00,Riverside,Iowa,319,Other,Y
7173264710,2026-09-07 19:57:44,2026-09-07 19:54:00,,Pennsylvania,717,Dropped call or no message,N
8553572026,2026-09-07 19:58:32,2026-09-06 15:15:00,Apollo Beach,Florida,772,"Reducing your debt (credit cards, mortgage, student loans)",Y
4705169357,2026-09-07 19:58:59,2026-09-07 16:10:00,Lake Worth,Florida,305,Other,Y
8336725926,2026-09-07 20:00:20,2026-09-07 16:55:00,,California,562,"Reducing your debt (credit cards, mortgage, student loans)",Y
8105101564,2026-09-07 20:00:25,2026-09-07 00:00:00,Lake Worth,Florida,305,Other,Y
8447814536,2026-09-07 20:02:02,2026-09-07 00:00:00,,New Jersey,856,No Subject Provided,Y
7076254318,2026-09-07 20:02:07,2026-09-07 19:17:00,Lake Worth,Florida,305,Other,Y
8009256278,2026-09-07 20:04:15,2026-09-07 09:36:00,,Illinois,847,No Subject Provided,
8336727637,2026-09-07 20:04:23,2026-09-05 15:00:00,,New Jersey,973,"Reducing your debt (credit cards, mortgage, student loans)",Y
7722448468,2026-09-07 20:04:27,2026-09-07 16:06:00,Milton,Florida,504,"Reducing your debt (credit cards, mortgage, student loans)",Y
8665560930,2026-09-07 20:05:10,2026-09-07 12:37:00,,New Jersey,973,"Reducing your debt (credit cards, mortgage, student loans)",Y
,2026-09-07 20:05:51,2026-09-07 17:00:00,Bremerton,Washington,206,Other,
8665560930,2026-09-07 20:05:54,2026-09-07 12:37:00,,New Jersey,973,"Reducing your debt (credit cards, mortgage, student loans)",Y
2162584979,2026-09-07 20:06:21,2026-09-03 16:13:00,,Ohio,216,Dropped call or no message,Y
8665565718,2026-09-07 20:06:36,2026-09-07 14:57:00,,New Jersey,973,"Reducing your debt (credit cards, mortgage, student loans)",Y
8447814820,2026-09-07 20:07:02,2026-09-07 00:00:00,,Nevada,702,"Reducing your debt (credit cards, mortgage, student loans)",Y
2285678217,2026-09-07 20:07:08,2026-09-07 15:57:00,Glennallen,Alaska,907,No Subject Provided,
2163434791,2026-09-07 20:07:12,2026-09-04 11:06:00,,Ohio,216,Dropped call or no message,Y
2068283420,2026-09-07 20:07:16,2026-09-07 00:00:00,Bremerton,Washington,206,Other,
8665562431,2026-09-07 20:07:19,2026-09-07 17:46:00,,New Jersey,973,"Reducing your debt (credit cards, mortgage, student loans)",Y
8776354737,2026-09-07 20:07:35,2026-09-05 09:14:00,Nashville,Tennessee,615,Warranties  & protection plans,Y
8777880474,2026-09-07 20:08:02,2026-09-07 18:33:00,,New Jersey,973,"Reducing your debt (credit cards, mortgage, student loans)",Y
8558060736,2026-09-07 20:08:23,2026-09-07 18:04:00,Mountain Home,Idaho,208,Other,Y
7863058084,2026-09-07 20:08:36,2026-09-07 18:42:00,Milton,Louisiana,504,"Reducing your debt (credit cards, mortgage, student loans)",Y
8336726481,2026-09-07 20:08:45,2026-09-07 19:48:00,,New Jersey,973,"Reducing your debt (credit cards, mortgage, student loans)",Y
5083216895,2026-09-07 20:09:33,2026-09-07 12:16:00,chicago,Illinois,312,Other,Y
,2026-09-07 20:09:53,2026-09-07 11:27:00,Culver City,California,310,Other,Y
8447814820,2026-09-07 20:09:56,2026-09-07 20:03:00,,Michigan,517,"Reducing your debt (credit cards, mortgage, student loans)",Y
5632277259,2026-09-07 20:10:07,2026-09-07 02:47:00,BELLEVUE,Iowa,573,Other,Y
8505391138,2026-09-07 20:10:07,2026-09-07 19:02:00,,Florida,850,Dropped call or no message,Y
8665160115,2026-09-07 20:11:14,2026-09-06 00:00:00,SANTA YNEZ,California,805,Other,N
8667715820,2026-09-07 20:12:00,2026-09-06 11:53:00,Jacksonville,Florida,339,"Reducing your debt (credit cards, mortgage, student loans)",Y
2142161568,2026-09-07 20:12:44,2026-09-07 00:00:00,,Texas,214,Other,Y
9316218872,2026-09-07 20:12:49,2026-09-07 19:08:00,TN,Tennessee,931,Other,Y
3213958702,2026-09-07 20:13:37,2026-09-07 20:10:00,,Massachusetts,617,"Reducing your debt (credit cards, mortgage, student loans)",Y
7373555934,2026-09-07 20:13:45,2026-09-03 00:00:00,Northport,New York,631,Other,N
7078667382,2026-09-07 20:14:06,2026-09-07 18:47:00,Fargo,North Dakota,701,"Reducing your debt (credit cards, mortgage, student loans)",N
5165897276,2026-09-07 20:14:10,2026-09-07 19:50:00,,New York,516,Other,N
5859738968,2026-09-07 20:14:31,2026-09-04 12:11:00,Matthews,North Carolina,716,Other,N
6265651080,2026-09-07 20:14:44,2026-09-07 17:09:00,Imperial Beach,California,619,Other,N
3133731013,2026-09-07 20:15:43,2026-09-02 09:50:00,Northport,New York,631,"Reducing your debt (credit cards, mortgage, student loans)",Y
,2026-09-07 20:16:03,2026-08-12 12:00:00,Silver Spring,Maryland,240,"Calls pretending to be government, businesses, or family and friends",N
7349991554,2026-09-07 20:16:11,2026-09-07 17:14:00,,California,310,No Subject Provided,Y
3232031594,2026-09-07 20:16:30,2026-09-07 17:11:00,Los Angeles,Colorado,213,Other,Y
8778856116,2026-09-07 20:16:37,2026-09-07 20:13:00,Glen Rock,New Jersey,201,"Reducing your debt (credit cards, mortgage, student loans)",Y
5540202,2026-09-07 20:17:08,2026-09-07 00:00:00,Township of Taylorsville,North Carolina,828,Other,N
3433826471,2026-09-07 20:17:32,2026-09-01 13:33:00,,Connecticut,203,"Reducing your debt (credit cards, mortgage, student loans)",Y
,2026-09-07 20:17:35,2026-09-07 14:40:00,Winchester,Virginia,855,Other,Y
3133731013,2026-09-07 20:17:47,2026-08-28 10:40:00,Northport,New York,631,"Reducing your debt (credit cards, mortgage, student loans)",Y
6232862014,2026-09-07 20:18:30,2026-09-07 18:56:00,aberdeen township,New Jersey,732,Other,N
9807374978,2026-09-07 20:18:38,2026-09-07 00:00:00,Township of Taylorsville,North Carolina,828,Other,N
4794691890,2026-09-07 20:19:26,2026-09-07 16:56:00,Russellville,Arkansas,479,Dropped call or no message,Y
9016984655,2026-09-07 20:19:27,2026-09-07 18:34:00,,Tennessee,901,Other,Y
3122656099,2026-09-07 20:19:46,2026-08-28 08:10:00,Northport,New York,631,"Reducing your debt (credit cards, mortgage, student loans)",Y
8336253311,2026-09-07 20:19:49,2026-09-07 19:08:00,Evergreen Park,Illinois,773,"Reducing your debt (credit cards, mortgage, student loans)",Y
4348121572,2026-09-07 20:19:56,2026-09-06 00:00:00,HIGHLANDS RANCH,Colorado,303,"Reducing your debt (credit cards, mortgage, student loans)",Y
3605266772,2026-09-07 20:20:24,2026-09-05 15:35:00,,Washington,360,Other,Y
9034599644,2026-09-07 20:20:51,2026-09-07 16:17:00,Mesa,Arizona,602,Other,Y
5206076898,2026-09-07 20:21:00,2026-09-02 20:09:00,Guayama,Puerto Rico,407,Dropped call or no message,N
8665548254,2026-09-07 20:21:18,2026-09-07 08:11:00,,Massachusetts,978,"Reducing your debt (credit cards, mortgage, student loans)",Y
3155840048,2026-09-07 20:21:19,2026-09-07 10:55:00,,Washington,360,Other,
8555645875,2026-09-07 20:21:35,2026-09-07 19:26:00,McLean,Virginia,703,"Reducing your debt (credit cards, mortgage, student loans)",Y
3213958702,2026-09-07 20:21:40,2026-09-07 19:09:00,Evergreen Park,Illinois,773,"Reducing your debt (credit cards, mortgage, student loans)",Y
3133731013,2026-09-07 20:21:43,2026-08-27 08:49:00,Northport,New York,631,"Reducing your debt (credit cards, mortgage, student loans)",Y
8883553010,2026-09-07 20:22:10,2026-09-07 05:19:00,,Nevada,702,"Reducing your debt (credit cards, mortgage, student loans)",Y
7748087966,2026-09-07 20:22:10,2026-09-03 13:03:00,Guayama,Puerto Rico,407,Dropped call or no message,N
9545162759,2026-09-07 20:22:18,2026-09-07 12:50:00,,Washington,360,Other,
6202220041,2026-09-07 20:22:28,2026-09-07 22:19:00,Manhattan,Illinois,815,Other,N
8665401237,2026-09-07 20:22:34,2026-09-07 18:56:00,McLean,Virginia,703,"Reducing your debt (credit cards, mortgage, student loans)",Y
4382425735,2026-09-07 20:23:05,2026-08-24 13:00:00,Northport,New York,631,"Calls pretending to be government, businesses, or family and friends",Y
3604693269,2026-09-07 20:23:09,2026-09-07 14:20:00,,Washington,360,Other,Y
5854156470,2026-09-07 20:23:18,2026-09-07 00:00:00,New York,New York,917,"Calls pretending to be government, businesses, or family and friends",
3213958702,2026-09-07 20:23:20,2026-09-07 00:00:00,Mesa,Arizona,602,Other,Y
4079100536,2026-09-07 20:23:41,2026-09-03 16:00:00,Guayama,Puerto Rico,407,Dropped call or no message,N
8665401237,2026-09-07 20:23:45,2026-09-07 16:23:00,McLean,Virginia,703,"Reducing your debt (credit cards, mortgage, student loans)",Y
4802565220,2026-09-07 20:24:01,2026-09-07 12:00:00,Phoenix,Arizona,480,"Reducing your debt (credit cards, mortgage, student loans)",N
7349991554,2026-09-07 20:24:08,2026-09-07 19:15:00,,Illinois,708,"Reducing your debt (credit cards, mortgage, student loans)",Y
,2026-09-07 20:24:29,2026-08-21 14:20:00,Northport,New York,631,"Calls pretending to be government, businesses, or family and friends",Y
9035180271,2026-09-07 20:24:47,2026-09-07 17:22:00,Quartz Hill,California,661,"Reducing your debt (credit cards, mortgage, student loans)",Y
8046807470,2026-09-07 20:24:58,2026-09-03 16:32:00,Guayama,Puerto Rico,407,Dropped call or no message,N
8778856116,2026-09-07 20:25:00,2026-09-07 20:12:00,,Florida,954,"Calls pretending to be government, businesses, or family and friends",N
8447574331,2026-09-07 20:25:39,2026-09-07 17:06:00,,Florida,954,"Calls pretending to be government, businesses, or family and friends",N
8336726481,2026-09-07 20:25:49,2026-09-07 19:47:00,,Virginia,804,"Reducing your debt (credit cards, mortgage, student loans)",Y
4707809238,2026-09-07 20:26:08,2026-09-03 20:13:00,Guayama,Puerto Rico,407,Dropped call or no message,N
9542395241,2026-09-07 20:26:23,2026-09-07 15:22:00,,Florida,954,"Calls pretending to be government, businesses, or family and friends",N
6462169298,2026-09-07 20:26:24,2026-08-23 09:48:00,Northport,New York,631,"Calls pretending to be government, businesses, or family and friends",Y
2629009220,2026-09-07 20:26:31,2026-09-07 18:24:00,PEWAUKEE,Wisconsin,414,Other,Y
3137859591,2026-09-07 20:26:39,2026-08-06 12:00:00,,Arkansas,501,"Calls pretending to be government, businesses, or family and friends",N
6282962197,2026-09-07 20:26:51,2026-09-07 13:54:00,Mill Valley,California,415,Other,Y
8555646901,2026-09-07 20:27:01,2026-09-07 13:21:00,,Florida,954,"Calls pretending to be government, businesses, or family and friends",N
7542435919,2026-09-07 20:27:05,2026-09-04 10:32:00,Guayama,Puerto Rico,407,Dropped call or no message,N
8555646901,2026-09-07 20:27:51,2026-09-07 13:21:00,,Florida,954,No Subject Provided,N
4153769631,2026-09-07 20:27:58,2026-09-07 12:39:00,Mill Valley,California,415,Other,Y
9803567475,2026-09-07 20:28:02,2026-08-18 16:34:00,Northport,New York,631,"Calls pretending to be government, businesses, or family and friends",Y
6402149450,2026-09-07 20:28:04,2026-09-04 15:25:00,Guayama,Puerto Rico,407,Dropped call or no message,N
2133726998,2026-09-07 20:28:18,2026-09-07 17:27:00,,Arizona,602,Other,N
4013642329,2026-09-07 20:28:40,2026-09-07 15:48:00,,Virginia,571,Home improvement  & cleaning,Y
4159078673,2026-09-07 20:28:51,2026-09-07 10:34:00,Mill Valley,California,415,Other,Y
8726394581,2026-09-07 20:29:05,2026-09-04 14:36:00,Guayama,Puerto Rico,407,Dropped call or no message,N
7347020007,2026-09-07 20:29:14,2026-09-07 12:32:00,Las Vegas,Nevada,702,"Reducing your debt (credit cards, mortgage, student loans)",Y
9712287569,2026-09-07 20:29:48,2026-08-18 10:54:00,Northport,New York,631,Other,Y
8336721275,2026-09-07 20:30:08,2026-09-07 19:28:00,Omaha,Nebraska,402,"Reducing your debt (credit cards, mortgage, student loans)",Y
7607868018,2026-09-07 20:30:09,2026-09-05 18:06:00,Guayama,Puerto Rico,407,Dropped call or no message,N
8336721275,2026-09-07 20:31:00,2026-09-07 19:29:00,Omaha,Nebraska,402,"Reducing your debt (credit cards, mortgage, student loans)",Y
9034228951,2026-09-07 20:31:17,2026-09-05 12:05:00,Guayama,Puerto Rico,407,Dropped call or no message,N
9475293885,2026-09-07 20:31:24,2026-08-14 13:13:00,Northport,New York,631,"Calls pretending to be government, businesses, or family and friends",Y
,2026-09-07 20:31:32,2026-09-07 15:24:00,WINDOM,Minnesota,507,"Lotteries, prizes  & sweepstakes",N
9416679651,2026-09-07 20:32:15,2026-09-07 13:08:00,Guayama,Puerto Rico,407,Dropped call or no message,N
8103710582,2026-09-07 20:33:13,2026-09-07 15:29:00,Guayama,Puerto Rico,407,Dropped call or no message,N
9803569423,2026-09-07 20:33:17,2026-08-13 15:05:00,Northport,New York,631,"Reducing your debt (credit cards, mortgage, student loans)",Y
5189227370,2026-09-07 20:33:30,2026-09-07 20:00:00,Ballston Lake,New York,518,Other,Y
2272601650,2026-09-07 20:33:45,2026-09-07 17:14:00,,Virginia,703,"Energy, solar,  & utilities",N
9035461670,2026-09-07 20:34:12,2026-09-07 16:14:00,Guayama,Puerto Rico,407,Dropped call or no message,N
8333302134,2026-09-07 20:34:29,2026-09-07 11:55:00,,Nevada,775,Other,Y
2272322741,2026-09-07 20:34:57,2026-09-07 16:19:00,,Virginia,703,"Energy, solar,  & utilities",N
8183924439,2026-09-07 20:34:58,2026-09-07 20:30:00,Butler,Pennsylvania,412,"Calls pretending to be government, businesses, or family and friends",N
7609067304,2026-09-07 20:35:05,2026-09-07 20:11:00,Guayama,Puerto Rico,407,Dropped call or no message,N
9475005877,2026-09-07 20:35:10,2026-08-10 16:33:00,Northport,New York,631,"Calls pretending to be government, businesses, or family and friends",Y
6305686834,2026-09-07 20:35:16,2026-09-07 10:50:00,Janesville,Wisconsin,608,"Reducing your debt (credit cards, mortgage, student loans)",Y
6098319375,2026-09-07 20:36:06,2026-09-07 15:12:00,Janesville,Wisconsin,608,"Reducing your debt (credit cards, mortgage, student loans)",Y
8447814505,2026-09-07 20:36:46,2026-09-07 17:31:00,Fremont,California,866,"Reducing your debt (credit cards, mortgage, student loans)",Y
8664997432,2026-09-07 20:37:30,2026-09-07 12:05:00,Denver,Colorado,303,"Calls pretending to be government, businesses, or family and friends",Y
6313252980,2026-09-07 20:37:30,2026-09-07 20:33:00,,New York,631,Other,Y
9803569423,2026-09-07 20:37:50,2026-08-13 15:05:00,Northport,New York,631,"Calls pretending to be government, businesses, or family and friends",Y
8778914389,2026-09-07 20:38:09,2026-09-07 15:56:00,Denver,Colorado,303,"Calls pretending to be government, businesses, or family and friends",Y
5152164482,2026-09-07 20:38:28,2026-09-07 19:10:00,,New York,716,"Calls pretending to be government, businesses, or family and friends",N
8337464595,2026-09-07 20:38:41,2026-09-07 18:04:00,Denver,Colorado,303,"Calls pretending to be government, businesses, or family and friends",Y
7349991994,2026-09-07 20:38:58,2026-09-07 00:00:00,,North Carolina,910,No Subject Provided,
9475005877,2026-09-07 20:39:25,2026-08-10 16:33:00,Northport,New York,631,"Calls pretending to be government, businesses, or family and friends",Y
5613750860,2026-09-07 20:39:48,2026-09-07 00:00:00,,North Carolina,910,No Subject Provided,
8564071507,2026-09-07 20:40:29,2026-09-07 00:00:00,,North Carolina,910,No Subject Provided,
4343738856,2026-09-07 20:41:15,2026-09-07 17:28:00,salt lake city,Utah,801,Other,N
2704671396,2026-09-07 20:41:50,2026-09-07 17:49:00,Hopkinsville,Kentucky,614,Dropped call or no message,Y
8443001154,2026-09-07 20:41:59,2026-09-07 13:37:00,GREEN COVE SPRINGS,Florida,904,Other,Y
8778833794,2026-09-07 20:42:12,2026-09-07 20:38:00,Wesley Chapel,Florida,813,"Reducing your debt (credit cards, mortgage, student loans)",Y
2178349513,2026-09-07 20:42:30,2026-09-07 16:06:00,North truro,Massachusetts,508,"Reducing your debt (credit cards, mortgage, student loans)",Y
5156029962,2026-09-07 20:42:49,2026-09-02 17:24:00,Beaumont,California,951,Other,Y
2178349513,2026-09-07 20:43:17,2026-09-07 20:22:00,North truro,Massachusetts,508,"Reducing your debt (credit cards, mortgage, student loans)",Y
,2026-09-07 20:44:02,2026-01-01 12:00:00,Dalton,Georgia,706,Other,Y
4708490489,2026-09-07 20:44:13,2026-09-07 09:37:00,Little Rock,Arkansas,479,"Calls pretending to be government, businesses, or family and friends",Y
8447574387,2026-09-07 20:44:15,2026-09-07 17:00:00,,Arizona,602,"Reducing your debt (credit cards, mortgage, student loans)",Y
,2026-09-07 20:44:35,2026-09-07 19:42:00,,Illinois,847,Other,Y
5137295623,2026-09-07 20:44:57,2026-09-07 20:32:00,Cincinnati,Ohio,513,Other,Y
7748010223,2026-09-07 20:45:14,2026-09-07 14:42:00,Little Rock,Arkansas,479,"Calls pretending to be government, businesses, or family and friends",Y
2704671396,2026-09-07 20:45:37,2026-09-06 10:54:00,Hopkinsville,Kentucky,614,Dropped call or no message,Y
3527729231,2026-09-07 20:46:28,2026-06-03 10:34:00,Daytona Beach,Florida,386,Medical  & prescriptions,Y
4352541842,2026-09-07 20:46:29,2026-09-04 12:06:00,Las Vegas,Nevada,702,Other,N
5404017926,2026-09-07 20:46:42,2026-09-07 17:26:00,Little Rock,Arkansas,479,"Calls pretending to be government, businesses, or family and friends",Y
8334033312,2026-09-07 20:47:00,2026-09-01 15:01:00,Beaumont,California,951,Other,Y
8049791337,2026-09-07 20:47:35,2026-09-07 19:30:00,Little Rock,Arkansas,479,"Calls pretending to be government, businesses, or family and friends",Y
4707419317,2026-09-07 20:47:56,2026-09-07 14:42:00,,California,818,"Reducing your debt (credit cards, mortgage, student loans)",Y
8336721855,2026-09-07 20:48:00,2026-09-08 00:44:00,Glen Burnie,Maryland,410,"Reducing your debt (credit cards, mortgage, student loans)",Y
8778913853,2026-09-07 20:48:38,2026-09-07 20:36:00,,Florida,727,"Reducing your debt (credit cards, mortgage, student loans)",Y
6099018456,2026-09-07 20:49:17,2026-09-07 12:35:00,,California,818,"Reducing your debt (credit cards, mortgage, student loans)",Y
8054644670,2026-09-07 20:49:27,2026-08-04 19:45:00,Washington,Utah,801,Other,N
6099018456,2026-09-07 20:50:29,2026-09-07 00:00:00,,California,818,"Reducing your debt (credit cards, mortgage, student loans)",Y
8335240267,2026-09-07 20:51:37,2026-08-27 15:08:00,Beaumont,California,951,Other,Y
,2026-09-07 20:51:46,2026-09-07 19:50:00,,Texas,469,Other,Y
2329363916,2026-09-07 20:52:00,2026-09-07 06:11:00,,California,818,"Reducing your debt (credit cards, mortgage, student loans)",Y
8778912506,2026-09-07 20:52:01,2026-09-07 14:42:00,Tuscaloosa,Alabama,205,"Calls pretending to be government, businesses, or family and friends",Y
6027050053,2026-09-07 20:52:27,2026-09-07 21:30:00,LITCHFIELD PARK,Arizona,602,No Subject Provided,Y
7349991554,2026-09-07 20:52:48,2026-09-07 20:16:00,,Florida,305,No Subject Provided,
8665567640,2026-09-07 20:53:29,2026-09-07 17:24:00,Tuscaloosa,Alabama,205,"Calls pretending to be government, businesses, or family and friends",Y
7076024784,2026-09-07 20:53:41,2026-09-07 17:47:00,,Washington,303,Other,Y
4343738496,2026-09-07 20:53:56,2026-09-07 08:49:00,,California,818,"Reducing your debt (credit cards, mortgage, student loans)",Y
5205909468,2026-09-07 20:54:02,2026-09-07 13:24:00,,Florida,305,No Subject Provided,
5268679473,2026-09-07 20:54:33,2026-09-07 23:30:00,Sherwood,Arkansas,501,"Calls pretending to be government, businesses, or family and friends",N
7803660182,2026-09-07 20:54:38,2026-09-06 15:03:00,,Florida,305,No Subject Provided,
7576599196,2026-09-07 20:54:57,2026-09-07 21:15:00,,Virginia,434,Medical  & prescriptions,N
7748062696,2026-09-07 20:55:32,2026-09-07 17:46:00,,California,818,"Reducing your debt (credit cards, mortgage, student loans)",Y
3024610713,2026-09-07 20:55:43,2026-08-20 15:46:00,Beaumont,California,951,Other,N
8564631388,2026-09-07 20:55:46,2026-09-07 21:28:00,Fort lee,New Jersey,973,"Calls pretending to be government, businesses, or family and friends",Y
5187408785,2026-09-07 20:55:57,2026-06-04 16:39:00,Daytona Beach,Florida,386,"Reducing your debt (credit cards, mortgage, student loans)",Y
8778837151,2026-09-07 20:57:01,2026-09-08 00:49:00,Knoxville,Tennessee,865,"Reducing your debt (credit cards, mortgage, student loans)",Y
7744499335,2026-09-07 20:57:48,2026-09-07 18:52:00,Millington,Tennessee,901,"Reducing your debt (credit cards, mortgage, student loans)",Y
7608420861,2026-09-07 20:58:20,2026-09-07 17:52:00,,California,323,Other,Y
8287854620,2026-09-07 20:58:29,2026-09-02 17:00:00,Melbourne,Florida,321,Vacation  & timeshares,Y
8665544959,2026-09-07 20:58:52,2026-09-07 17:57:00,Tucson,Arizona,202,Other,Y
8778911106,2026-09-07 20:59:09,2026-09-07 09:14:00,Athens,Georgia,404,Other,N
8336315797,2026-09-07 20:59:17,2026-08-20 14:17:00,Beaumont,California,951,Other,Y
8887177723,2026-09-07 20:59:44,2026-09-07 11:50:00,Athens,Georgia,404,Other,N
8568238957,2026-09-07 20:59:51,2026-09-07 20:00:00,,Tennessee,931,"Reducing your debt (credit cards, mortgage, student loans)",Y
8664969674,2026-09-07 21:00:19,2026-09-07 13:09:00,Athens,Georgia,404,Other,N
8778913014,2026-09-07 21:00:51,2026-09-07 10:54:00,CORONA,California,951,Other,Y
8153571147,2026-09-07 21:00:56,2026-09-07 19:30:00,Minneapolis,Minnesota,815,Other,N
8778914381,2026-09-07 21:01:03,2026-09-07 15:25:00,Athens,Georgia,404,Other,N
8447582507,2026-09-07 21:01:39,2026-09-07 17:48:00,Athens,Georgia,404,Other,N
8778912458,2026-09-07 21:01:56,2026-09-07 20:54:00,Miami,Florida,305,"Reducing your debt (credit cards, mortgage, student loans)",Y
8778834581,2026-09-07 21:02:04,2026-09-07 12:06:00,Boynton Beach,Florida,561,"Reducing your debt (credit cards, mortgage, student loans)",N
2707108886,2026-09-07 21:02:22,2026-08-19 15:56:00,Beaumont,California,951,Other,Y
8447583131,2026-09-07 21:02:24,2026-09-07 20:54:00,Athens,Georgia,404,Other,N
4704748367,2026-09-07 21:02:30,2026-09-07 19:00:00,,Tennessee,931,"Reducing your debt (credit cards, mortgage, student loans)",Y
6144143151,2026-09-07 21:02:41,2026-09-07 12:27:00,Spring,Texas,440,Other,Y
8152861752,2026-09-07 21:03:01,2026-09-07 15:48:00,Goldthwaite,Texas,708,"Reducing your debt (credit cards, mortgage, student loans)",Y
8056619432,2026-09-07 21:03:30,2026-09-07 11:33:00,CORONA,California,951,Other,Y
8655609993,2026-09-07 21:03:33,2026-09-07 11:37:00,Newport,Tennessee,865,Other,Y
8488377720,2026-09-07 21:03:44,2026-08-30 14:30:00,Daytona Beach,Florida,386,"Reducing your debt (credit cards, mortgage, student loans)",Y
9042989779,2026-09-07 21:03:48,2026-09-07 00:00:00,,Tennessee,931,"Reducing your debt (credit cards, mortgage, student loans)",Y
8445271424,2026-09-07 21:04:13,2026-09-07 13:22:00,Boynton Beach,Florida,561,Other,N
8558011772,2026-09-07 21:04:18,2026-09-07 12:15:00,Davison,Michigan,810,Other,
4092881822,2026-09-07 21:04:30,2026-09-01 10:11:00,,Texas,409,Other,N
9286669863,2026-09-07 21:04:56,2026-09-07 14:00:00,,Tennessee,931,"Reducing your debt (credit cards, mortgage, student loans)",Y
9282938466,2026-09-07 21:05:10,2026-08-17 03:38:00,Beaumont,California,951,Other,Y
8665402884,2026-09-07 21:05:11,2026-09-07 12:15:00,CORONA,California,951,Other,Y
8446906976,2026-09-07 21:05:34,2026-09-07 19:03:00,Jemez Springs,New Mexico,505,"Reducing your debt (credit cards, mortgage, student loans)",Y
4325962943,2026-09-07 21:05:37,2026-09-04 00:00:00,AUSTIN,Texas,432,Other,Y
8446906976,2026-09-07 21:05:39,2026-09-07 21:03:00,Boca Raton,Florida,732,Other,Y
8336726414,2026-09-07 21:05:43,2026-09-07 14:23:00,Boynton Beach,Florida,561,"Reducing your debt (credit cards, mortgage, student loans)",N
8308679797,2026-09-07 21:05:53,2026-09-07 08:00:00,,Tennessee,931,No Subject Provided,Y
8664993790,2026-09-07 21:06:38,2026-09-07 13:54:00,Simi Valley,California,805,Other,Y
8665561428,2026-09-07 21:06:44,2026-09-07 13:09:00,CORONA,California,951,Other,Y
4325369445,2026-09-07 21:06:53,2026-09-04 16:27:00,AUSTIN,Texas,432,Other,Y
8336727512,2026-09-07 21:06:59,2026-09-07 14:25:00,Davison,Michigan,810,Other,
3213958702,2026-09-07 21:07:01,2026-09-07 21:05:00,,Florida,913,"Reducing your debt (credit cards, mortgage, student loans)",Y
8336726414,2026-09-07 21:07:29,2026-09-07 16:31:00,Boynton Beach,Florida,561,"Reducing your debt (credit cards, mortgage, student loans)",N
2692258260,2026-09-07 21:07:52,2026-09-07 21:06:00,,Georgia,404,"Calls pretending to be government, businesses, or family and friends",Y
8449276199,2026-09-07 21:08:00,2026-09-07 16:14:00,CORONA,California,951,Other,Y
4323556531,2026-09-07 21:08:04,2026-09-04 15:27:00,AUSTIN,Texas,432,Other,Y
2708684645,2026-09-07 21:09:00,2026-07-30 16:41:00,Beaumont,California,951,No Subject Provided,Y
8337756885,2026-09-07 21:09:10,2026-09-07 00:00:00,Boynton Beach,Florida,561,"Reducing your debt (credit cards, mortgage, student loans)",N
8333256779,2026-09-07 21:09:19,2026-09-04 13:53:00,AUSTIN,Texas,432,Other,Y
8665562363,2026-09-07 21:09:32,2026-09-07 18:29:00,CORONA,California,951,Other,Y
3097458304,2026-09-07 21:09:58,2026-09-07 23:24:00,Lockport,Illinois,217,"Lotteries, prizes  & sweepstakes",N
7082406703,2026-09-07 21:10:02,2026-09-07 15:47:00,,Illinois,708,Dropped call or no message,Y
8558064014,2026-09-07 21:10:15,2026-09-07 17:00:00,Davison,Michigan,810,Other,
7473008259,2026-09-07 21:10:18,2026-09-07 18:01:00,SANTA FE SPRINGS,California,562,Other,N
9102061,2026-09-07 21:10:23,2026-09-07 20:58:00,Farmingville,New York,631,Dropped call or no message,N
8778833794,2026-09-07 21:10:25,2026-09-07 20:39:00,Lauderdale-By-The-Sea,Florida,202,"Reducing your debt (credit cards, mortgage, student loans)",Y
4327043173,2026-09-07 21:10:29,2026-09-04 09:52:00,AUSTIN,Texas,432,Other,Y
9287989795,2026-09-07 21:10:43,2026-09-07 00:00:00,,California,714,"Reducing your debt (credit cards, mortgage, student loans)",
2178349513,2026-09-07 21:11:01,2026-09-07 10:56:00,CORONA,California,951,Other,Y
8336253548,2026-09-07 21:11:08,2026-09-07 00:00:00,,Florida,407,"Reducing your debt (credit cards, mortgage, student loans)",Y
9894870346,2026-09-07 21:11:29,2026-09-07 00:00:00,,California,714,"Reducing your debt (credit cards, mortgage, student loans)",
4328483335,2026-09-07 21:11:36,2026-09-04 08:18:00,AUSTIN,Texas,432,Other,Y
8778914389,2026-09-07 21:12:11,2026-09-07 17:55:00,,Florida,407,"Reducing your debt (credit cards, mortgage, student loans)",Y
5205403590,2026-09-07 21:12:12,2026-09-07 00:00:00,,California,714,"Reducing your debt (credit cards, mortgage, student loans)",
8449276280,2026-09-07 21:12:27,2026-09-07 18:41:00,Davison,Michigan,810,Other,
8778913025,2026-09-07 21:12:28,2026-09-07 19:16:00,Potomac,Maryland,703,"Reducing your debt (credit cards, mortgage, student loans)",Y
8665564315,2026-09-07 21:12:48,2026-09-07 18:05:00,,Maryland,443,Other,
3213958702,2026-09-07 21:12:49,2026-09-07 16:15:00,CORONA,California,951,Other,Y
8043766660,2026-09-07 21:12:53,2026-09-07 00:00:00,,California,714,"Reducing your debt (credit cards, mortgage, student loans)",
8778913853,2026-09-07 21:13:17,2026-09-07 20:34:00,,Florida,407,"Reducing your debt (credit cards, mortgage, student loans)",Y
8447573151,2026-09-07 21:14:21,2026-09-07 19:46:00,Old Bridge,New Jersey,732,"Reducing your debt (credit cards, mortgage, student loans)",Y
8447581258,2026-09-07 21:14:23,2026-09-07 21:03:00,Simpsonville,South Carolina,336,"Reducing your debt (credit cards, mortgage, student loans)",Y
7092824800,2026-09-07 21:14:34,2026-09-07 16:58:00,Hanover,Maryland,202,Other,Y
8447814701,2026-09-07 21:14:35,2026-09-07 21:02:00,Chesapeake,Virginia,757,"Calls pretending to be government, businesses, or family and friends",Y
4314900358,2026-09-07 21:14:46,2026-09-07 15:36:00,Brighton,Massachusetts,857,Other,Y
7712535040,2026-09-07 21:15:01,2026-09-07 19:11:00,OOLOGAH,Oklahoma,816,Dropped call or no message,N
9895698717,2026-09-07 21:15:31,2026-09-07 17:53:00,,Nevada,702,"Reducing your debt (credit cards, mortgage, student loans)",Y
9895698086,2026-09-07 21:15:42,2026-09-07 21:13:00,,District of Columbia,202,"Reducing your debt (credit cards, mortgage, student loans)",Y
6158615488,2026-09-07 21:16:05,2026-09-07 21:12:00,Denver,North Carolina,615,Other,N
8665547217,2026-09-07 21:16:12,2026-09-07 19:55:00,,Wisconsin,715,"Reducing your debt (credit cards, mortgage, student loans)",Y
4087401115,2026-09-07 21:16:30,2026-09-06 13:05:00,Brighton,Massachusetts,857,"Reducing your debt (credit cards, mortgage, student loans)",Y
5209804575,2026-09-07 21:16:40,2026-09-07 18:12:00,,Nevada,702,Other,Y
8449275723,2026-09-07 21:16:46,2026-09-07 17:45:00,Chesapeake,Virginia,757,"Calls pretending to be government, businesses, or family and friends",Y
8558065729,2026-09-07 21:17:23,2026-09-07 17:39:00,,Wisconsin,715,"Reducing your debt (credit cards, mortgage, student loans)",Y
6802809444,2026-09-07 21:17:44,2026-09-06 11:54:00,Brighton,Massachusetts,857,"Reducing your debt (credit cards, mortgage, student loans)",Y
8555647038,2026-09-07 21:17:49,2026-09-07 20:48:00,Manassas,Virginia,704,Other,Y
8665564570,2026-09-07 21:18:02,2026-09-07 21:06:00,Davison,Michigan,810,Other,
8444661635,2026-09-07 21:18:09,2026-09-04 12:43:00,CARET,Virginia,804,Dropped call or no message,N
2026143209,2026-09-07 21:18:20,2026-09-07 21:16:00,Raleigh,North Carolina,919,"Calls pretending to be government, businesses, or family and friends",N
8447582690,2026-09-07 21:18:21,2026-09-07 15:12:00,,Wisconsin,715,"Reducing your debt (credit cards, mortgage, student loans)",Y
2268510495,2026-09-07 21:18:30,2026-09-07 02:33:00,Cambria,Illinois,618,"Calls pretending to be government, businesses, or family and friends",Y
8336254028,2026-09-07 21:19:10,2026-09-07 12:44:00,,Wisconsin,715,"Reducing your debt (credit cards, mortgage, student loans)",Y
8338188692,2026-09-07 21:19:12,2026-09-04 12:00:00,Derwood,Maryland,703,Medical  & prescriptions,N
8444172225,2026-09-07 21:19:25,2026-09-07 15:54:00,Chesapeake,Virginia,757,"Calls pretending to be government, businesses, or family and friends",Y
6184420587,2026-09-07 21:19:27,2026-09-07 10:22:00,Cambria,Illinois,618,"Calls pretending to be government, businesses, or family and friends",Y
8447163182,2026-09-07 21:20:14,2026-09-07 10:04:00,,Wisconsin,715,"Reducing your debt (credit cards, mortgage, student loans)",Y
8665547677,2026-09-07 21:20:21,2026-09-07 14:38:00,,Georgia,478,"Reducing your debt (credit cards, mortgage, student loans)",Y
,2026-09-07 21:20:28,2026-09-07 08:18:00,Roanoke,Alabama,866,Other,Y
8447574744,2026-09-07 21:20:50,2026-09-07 18:52:00,Oklahoma City,Oklahoma,703,Other,Y
8447574744,2026-09-07 21:21:14,2026-09-07 18:52:00,,California,951,"Reducing your debt (credit cards, mortgage, student loans)",Y
8558011526,2026-09-07 21:21:42,2026-09-07 15:58:00,Oklahoma City,Oklahoma,703,Other,Y
8558063723,2026-09-07 21:22:19,2026-09-07 20:08:00,,Georgia,478,"Reducing your debt (credit cards, mortgage, student loans)",Y
2505829956,2026-09-07 21:22:36,2026-09-07 12:45:00,Hampton,New Hampshire,781,Other,Y
,2026-09-07 21:24:13,2026-09-07 21:02:00,Ponte Vedra Beach,Florida,904,Other,Y
8157339863,2026-09-07 21:24:14,2026-09-07 19:52:00,Louisiana,Louisiana,318,Other,Y
8554786384,2026-09-07 21:24:28,2026-08-06 00:00:00,,California,951,"Reducing your debt (credit cards, mortgage, student loans)",Y
2816725361,2026-09-07 21:24:32,2026-09-07 17:42:00,,Texas,281,"Calls pretending to be government, businesses, or family and friends",Y
8778910369,2026-09-07 21:24:40,2026-09-07 15:51:00,Ponca City,Oklahoma,580,"Reducing your debt (credit cards, mortgage, student loans)",Y
8665545059,2026-09-07 21:24:56,2026-09-07 06:20:00,Las Vegas,Nevada,702,"Reducing your debt (credit cards, mortgage, student loans)",Y
8778835133,2026-09-07 21:25:43,2026-09-07 21:15:00,ROCKFORD,Michigan,616,Other,Y
5182133905,2026-09-07 21:26:14,2026-09-07 17:56:00,Johnstown,New York,518,Medical  & prescriptions,N
8559075383,2026-09-07 21:26:42,2026-09-07 21:19:00,Butner,North Carolina,984,"Reducing your debt (credit cards, mortgage, student loans)",Y
8336727346,2026-09-07 21:26:48,2026-09-07 20:23:00,Tuscaloosa,Alabama,205,"Calls pretending to be government, businesses, or family and friends",Y
8572533153,2026-09-07 21:27:35,2026-09-07 15:28:00,Hampton,New Hampshire,781,"Calls pretending to be government, businesses, or family and friends",Y
8558065655,2026-09-07 21:29:10,2026-09-07 11:53:00,Ponca City,Oklahoma,580,"Reducing your debt (credit cards, mortgage, student loans)",Y
7087619320,2026-09-07 21:29:59,2026-09-07 21:21:00,,Massachusetts,617,"Reducing your debt (credit cards, mortgage, student loans)",Y
4707649490,2026-09-07 21:30:13,2026-09-07 00:00:00,,Georgia,404,"Reducing your debt (credit cards, mortgage, student loans)",Y
8665566526,2026-09-07 21:32:53,2026-09-01 08:31:00,Ponca City,Oklahoma,580,"Reducing your debt (credit cards, mortgage, student loans)",N
6098319375,2026-09-07 21:32:55,2026-09-07 15:12:00,,Georgia,908,Other,N
3026021129,2026-09-07 21:33:28,2026-09-07 00:00:00,,New Jersey,732,"Calls pretending to be government, businesses, or family and friends",N
8665565081,2026-09-07 21:33:33,2026-09-07 15:46:00,,New York,336,"Reducing your debt (credit cards, mortgage, student loans)",Y
9047998262,2026-09-07 21:33:36,2026-09-07 21:29:00,Middletown,New Jersey,732,Other,Y
7328808393,2026-09-07 21:34:05,2026-09-07 00:00:00,,New Jersey,732,"Calls pretending to be government, businesses, or family and friends",N
7748542697,2026-09-07 21:34:33,2026-09-07 17:24:00,,Georgia,908,Other,N
7744509330,2026-09-07 21:35:33,2026-09-04 13:10:00,Cabot,Arkansas,501,"Reducing your debt (credit cards, mortgage, student loans)",Y
5304243990,2026-09-07 21:36:19,2026-09-01 00:00:00,,California,530,No Subject Provided,
8664991107,2026-09-07 21:36:34,2026-09-07 17:55:00,,Arizona,520,"Reducing your debt (credit cards, mortgage, student loans)",Y
5308838025,2026-09-07 21:36:53,2026-08-18 00:00:00,,California,530,No Subject Provided,
5625455643,2026-09-07 21:37:26,2026-09-07 18:27:00,,California,562,Other,N
4343228188,2026-09-07 21:37:32,2026-09-04 18:19:00,Middletown,New Jersey,732,Other,Y
8447814523,2026-09-07 21:37:50,2026-08-28 13:30:00,Ponca City,Oklahoma,580,"Reducing your debt (credit cards, mortgage, student loans)",N
8336727571,2026-09-07 21:37:55,2026-09-07 19:30:00,,Utah,385,"Reducing your debt (credit cards, mortgage, student loans)",Y
3238058251,2026-09-07 21:40:31,2026-09-07 06:34:00,Ridgecrest,California,760,Other,N
9285580069,2026-09-07 21:40:34,2026-09-04 18:29:00,Cabot,Arkansas,501,"Reducing your debt (credit cards, mortgage, student loans)",Y
9515402188,2026-09-07 21:42:31,2026-08-14 15:44:00,Ridgecrest,California,760,Other,N
8633369691,2026-09-07 21:42:36,2026-09-07 09:05:00,Gulfport,Mississippi,901,"Calls pretending to be government, businesses, or family and friends",Y
8778835145,2026-09-07 21:43:29,2026-08-25 11:36:00,Ponca City,Oklahoma,580,"Reducing your debt (credit cards, mortgage, student loans)",N
8889195235,2026-09-07 21:43:38,2026-07-20 13:10:00,Austin,Texas,833,"Calls pretending to be government, businesses, or family and friends",Y
9286664830,2026-09-07 21:44:28,2026-09-04 18:59:00,Cabot,Arkansas,501,"Reducing your debt (credit cards, mortgage, student loans)",Y
4707908866,2026-09-07 21:45:09,2026-09-07 11:39:00,Gulfport,Mississippi,901,"Calls pretending to be government, businesses, or family and friends",Y
9494644653,2026-09-07 21:45:22,2026-09-07 12:00:00,,Massachusetts,413,"Reducing your debt (credit cards, mortgage, student loans)",Y
8336727319,2026-09-07 21:45:27,2026-09-07 21:39:00,McLean,Virginia,703,"Reducing your debt (credit cards, mortgage, student loans)",Y
3158096808,2026-09-07 21:46:54,2026-09-07 12:30:00,,Connecticut,203,Other,Y
3214158098,2026-09-07 21:46:56,2026-09-04 20:19:00,Cabot,Arkansas,501,"Reducing your debt (credit cards, mortgage, student loans)",Y
9893689794,2026-09-07 21:47:34,2026-09-07 14:48:00,Gulfport,Mississippi,901,"Calls pretending to be government, businesses, or family and friends",Y
8322715216,2026-09-07 21:49:36,2026-09-07 22:02:00,Katy,Texas,281,"Calls pretending to be government, businesses, or family and friends",Y
3213958702,2026-09-07 21:49:43,2026-08-08 00:04:00,ASBURY PARK,New Jersey,732,"Reducing your debt (credit cards, mortgage, student loans)",Y
3365840248,2026-09-07 21:49:45,2026-09-07 12:13:00,,North Carolina,336,Other,N
8558061556,2026-09-07 21:49:50,2026-09-07 20:45:00,Claremore,Oklahoma,918,"Reducing your debt (credit cards, mortgage, student loans)",Y
7609351577,2026-09-07 21:49:59,2026-09-07 15:56:00,Gulfport,Mississippi,901,"Calls pretending to be government, businesses, or family and friends",Y
2319363741,2026-09-07 21:50:03,2026-09-07 21:46:00,Lehigh Acres,Florida,239,"Reducing your debt (credit cards, mortgage, student loans)",Y
7088889697,2026-09-07 21:52:08,2026-09-07 17:12:00,Gulfport,Mississippi,901,"Calls pretending to be government, businesses, or family and friends",Y
,2026-09-07 21:52:16,2026-09-07 12:00:00,PLAINWELL,Michigan,269,"Reducing your debt (credit cards, mortgage, student loans)",Y
7609386405,2026-09-07 21:52:17,2026-09-07 15:32:00,,Arizona,623,Dropped call or no message,N
7627219198,2026-09-07 21:52:42,2026-09-07 18:28:00,Lehigh Acres,Florida,239,"Reducing your debt (credit cards, mortgage, student loans)",Y
8049791337,2026-09-07 21:55:17,2026-09-07 19:32:00,Gulfport,Mississippi,901,"Calls pretending to be government, businesses, or family and friends",Y
2282260816,2026-09-07 21:56:09,2026-09-07 21:40:00,Claymont,Delaware,610,"Calls pretending to be government, businesses, or family and friends",Y
8665564530,2026-09-07 21:56:56,2026-09-07 14:17:00,Chicago,Illinois,773,Other,Y
9286831910,2026-09-07 21:57:47,2026-08-24 10:18:00,,Arizona,623,Dropped call or no message,N
8558065578,2026-09-07 21:57:49,2026-09-07 21:54:00,Andover,Massachusetts,301,"Reducing your debt (credit cards, mortgage, student loans)",Y
8665548017,2026-09-07 21:57:58,2026-09-07 21:54:00,allen park,Michigan,734,Other,Y
8558065578,2026-09-07 21:58:16,2026-09-07 20:55:00,Harrisburg,Illinois,618,"Reducing your debt (credit cards, mortgage, student loans)",Y
8336253241,2026-09-07 21:58:33,2026-09-07 08:06:00,,Illinois,618,Other,Y
8449276280,2026-09-07 21:59:16,2026-09-07 17:41:00,Chicago,Illinois,773,Other,Y
8447573341,2026-09-07 21:59:41,2026-09-07 10:15:00,Grandville,Michigan,616,Other,Y
8772324376,2026-09-07 22:00:27,2026-08-27 00:00:00,Chicago,Illinois,708,Other,Y
2175181455,2026-09-07 22:00:33,2026-09-07 18:18:00,CLINTON,Illinois,217,Other,Y
8778910627,2026-09-07 22:00:52,2026-09-07 00:00:00,,Michigan,248,No Subject Provided,N
2134363461,2026-09-07 22:00:58,2026-09-06 12:00:00,Ripley,Tennessee,731,"Lotteries, prizes  & sweepstakes",N
8665544412,2026-09-07 22:01:20,2026-09-07 00:00:00,,Michigan,248,No Subject Provided,
8557876729,2026-09-07 22:01:22,2026-08-24 16:11:00,,Arizona,623,Dropped call or no message,N
8664967692,2026-09-07 22:01:30,2026-09-07 20:06:00,Chicago,Illinois,773,Other,Y
8778912506,2026-09-07 22:04:18,2026-09-07 15:42:00,Grandville,Michigan,616,Other,Y
9095051579,2026-09-07 22:04:29,2026-08-25 09:25:00,,Arizona,623,Other,N
8447814815,2026-09-07 22:04:50,2026-09-07 20:50:00,,New Jersey,609,"Reducing your debt (credit cards, mortgage, student loans)",Y
8336404241,2026-09-07 22:05:11,2026-09-07 11:07:00,,Illinois,618,Other,Y
8558065578,2026-09-07 22:05:20,2026-09-07 21:52:00,Atlanta,Georgia,404,"Reducing your debt (credit cards, mortgage, student loans)",Y
8336726903,2026-09-07 22:05:47,2026-09-07 21:54:00,,North Carolina,828,"Reducing your debt (credit cards, mortgage, student loans)",Y
8336720784,2026-09-07 22:05:50,2026-09-07 06:38:00,La Crescenta,California,818,"Reducing your debt (credit cards, mortgage, student loans)",Y
8336720784,2026-09-07 22:06:43,2026-09-07 21:39:00,,Michigan,906,Other,Y
8446421639,2026-09-07 22:07:55,2026-09-07 17:39:00,Grandville,Michigan,616,Other,Y
5039268698,2026-09-07 22:08:02,2026-09-07 09:20:00,Crooked River Ranch,Oregon,503,Other,
,2026-09-07 22:08:16,2026-01-01 00:00:00,Mt Vernon,Texas,432,Other,Y
8557757469,2026-09-07 22:09:01,2026-08-25 12:50:00,,Arizona,623,Dropped call or no message,N
2534444276,2026-09-07 22:09:46,2026-09-05 09:16:00,Tacoma,Washington,253,Home improvement  & cleaning,N
8086630626,2026-09-07 22:10:11,2026-09-07 20:06:00,Utah,Utah,801,Vacation  & timeshares,N
8336253830,2026-09-07 22:10:18,2026-09-07 14:48:00,,Illinois,618,Other,Y
5616390167,2026-09-07 22:10:31,2026-09-07 21:55:00,Milton,Massachusetts,857,"Reducing your debt (credit cards, mortgage, student loans)",Y
2252079243,2026-09-07 22:10:36,2026-09-07 11:56:00,Crooked River Ranch,Oregon,503,Other,
8444690055,2026-09-07 22:10:45,2026-09-07 17:01:00,Overland Park,Kansas,913,Other,N
,2026-09-07 22:11:02,2026-04-01 12:00:00,LaFayette,Georgia,706,"Lotteries, prizes  & sweepstakes",N
,2026-09-07 22:11:23,2026-09-07 00:00:00,Utah,Utah,801,Vacation  & timeshares,Y
8336726789,2026-09-07 22:11:50,2026-09-07 18:06:00,Grandville,Michigan,616,Other,Y
7174274368,2026-09-07 22:12:15,2026-09-07 11:39:00,Crooked River Ranch,Oregon,503,Other,
7344993044,2026-09-07 22:13:09,2026-09-05 10:16:00,Taylor,Michigan,734,Vacation  & timeshares,N
3323098753,2026-09-07 22:14:01,2026-09-07 12:56:00,Crooked River Ranch,Oregon,503,Other,
2539991953,2026-09-07 22:14:38,2026-09-05 09:58:00,Tacoma,Washington,253,Home improvement  & cleaning,N
8773164248,2026-09-07 22:14:46,2026-09-07 06:27:00,,Illinois,618,Other,Y
2312933990,2026-09-07 22:15:40,2026-09-07 13:21:00,Crooked River Ranch,Oregon,503,Other,
8665540081,2026-09-07 22:16:28,2026-09-07 21:35:00,Grandville,Michigan,616,Other,Y
5743761492,2026-09-07 22:17:20,2026-09-07 15:57:00,Crooked River Ranch,Oregon,503,Other,
8735630837,2026-09-07 22:17:51,2026-09-07 14:11:00,Plymouth,New Hampshire,603,Other,Y
2534234646,2026-09-07 22:20:01,2026-09-07 12:52:00,Tacoma,Washington,253,Home improvement  & cleaning,N
7089339457,2026-09-07 22:22:02,2026-09-07 20:23:00,Cabot,Arkansas,501,"Reducing your debt (credit cards, mortgage, student loans)",Y
5625123616,2026-09-07 22:22:49,2026-09-07 18:41:00,Fullerton,California,714,Other,N
7744079968,2026-09-07 22:25:53,2026-09-07 21:43:00,Cabot,Arkansas,501,"Reducing your debt (credit cards, mortgage, student loans)",Y
7744079968,2026-09-07 22:27:33,2026-09-07 21:43:00,Cabot,Arkansas,501,"Reducing your debt (credit cards, mortgage, student loans)",Y
7744499335,2026-09-07 22:29:26,2026-09-07 23:02:00,Cabot,Arkansas,501,"Reducing your debt (credit cards, mortgage, student loans)",Y
9712032590,2026-09-07 22:30:57,2026-09-07 23:27:00,,Oregon,503,"Calls pretending to be government, businesses, or family and friends",Y
8057931591,2026-09-07 22:33:26,2026-09-07 13:33:00,,California,805,"Calls pretending to be government, businesses, or family and friends",Y
8057931591,2026-09-07 22:34:02,2026-09-07 13:33:00,,California,805,"Calls pretending to be government, businesses, or family and friends",Y
8447574518,2026-09-07 22:34:12,2026-09-07 20:15:00,Mechanicsville,Virginia,804,"Calls pretending to be government, businesses, or family and friends",Y
8057931591,2026-09-07 22:35:05,2026-09-07 13:31:00,,California,805,"Calls pretending to be government, businesses, or family and friends",Y
8057931591,2026-09-07 22:35:47,2026-09-07 13:31:00,,California,805,"Calls pretending to be government, businesses, or family and friends",Y
2178349513,2026-09-07 22:37:10,2026-09-07 09:20:00,Temecula,California,510,"Reducing your debt (credit cards, mortgage, student loans)",Y
9034227352,2026-09-07 22:37:34,2026-09-07 20:00:00,Naperville,Illinois,630,Other,Y
7088857312,2026-09-07 22:38:37,2026-09-07 19:08:00,Naperville,Illinois,630,Other,Y
8885366121,2026-09-07 22:39:15,2026-09-07 08:53:00,Springfield,Missouri,314,Other,N
8339163010,2026-09-07 22:39:56,2026-09-07 10:02:00,Springfield,Missouri,314,Other,N
3213958702,2026-09-07 22:40:03,2026-09-07 11:52:00,Temecula,California,510,"Reducing your debt (credit cards, mortgage, student loans)",Y
7088857312,2026-09-07 22:40:13,2026-09-07 17:49:00,Naperville,Illinois,630,Other,Y
8553572026,2026-09-07 22:41:17,2026-09-05 11:18:00,Temecula,California,510,"Reducing your debt (credit cards, mortgage, student loans)",Y
8559094436,2026-09-07 22:41:17,2026-09-07 11:47:00,Springfield,Missouri,314,Other,N
8157920964,2026-09-07 22:41:26,2026-09-07 17:49:00,Naperville,Illinois,630,Other,Y
8503487568,2026-09-07 22:42:11,2026-09-04 11:23:00,Fountain,Florida,850,Other,Y
3093129642,2026-09-07 22:42:44,2026-09-04 11:29:00,Temecula,California,510,"Reducing your debt (credit cards, mortgage, student loans)",Y
8157920964,2026-09-07 22:43:13,2026-09-07 17:49:00,Naperville,Illinois,630,Other,Y
7754381723,2026-09-07 22:44:17,2026-09-03 10:35:00,Temecula,California,510,"Reducing your debt (credit cards, mortgage, student loans)",Y
8157920964,2026-09-07 22:44:42,2026-09-07 17:49:00,Naperville,Illinois,630,Other,Y
8304319830,2026-09-07 22:45:35,2026-09-02 11:08:00,Temecula,California,510,"Reducing your debt (credit cards, mortgage, student loans)",Y
7076179933,2026-09-07 22:46:00,2026-09-07 16:40:00,Naperville,Illinois,630,Other,Y
8889120671,2026-09-07 22:46:44,2026-09-01 15:50:00,Temecula,California,510,"Reducing your debt (credit cards, mortgage, student loans)",Y
8635093990,2026-09-07 22:47:58,2026-09-07 14:24:00,Naperville,Illinois,630,Other,Y
8653389124,2026-09-07 22:48:26,2026-09-07 18:04:00,Mantua,Ohio,865,"Calls pretending to be government, businesses, or family and friends",Y
5205906177,2026-09-07 22:48:46,2026-09-07 15:57:00,,North Carolina,252,"Reducing your debt (credit cards, mortgage, student loans)",Y
,2026-09-07 22:49:02,2026-09-07 12:00:00,,South Dakota,605,Other,Y
8558061824,2026-09-07 22:51:27,2026-09-07 06:48:00,,Iowa,515,Other,Y
8564078586,2026-09-07 22:51:48,2026-08-19 09:23:00,,North Carolina,252,"Reducing your debt (credit cards, mortgage, student loans)",Y
4244511845,2026-09-07 22:52:32,2026-09-07 09:44:00,Downey,California,562,Other,N
3213958702,2026-09-07 22:53:07,2026-09-07 13:30:00,,Colorado,719,"Reducing your debt (credit cards, mortgage, student loans)",Y
8336726220,2026-09-07 22:53:33,2026-09-07 03:47:00,,Iowa,515,Other,Y
9452621734,2026-09-07 22:53:41,2026-09-07 21:48:00,,Texas,903,Other,
8446422367,2026-09-07 22:54:42,2026-09-07 01:10:00,,Iowa,515,Other,Y
7744609915,2026-09-07 22:56:20,2026-08-26 21:43:00,,North Carolina,252,"Reducing your debt (credit cards, mortgage, student loans)",Y
8336253691,2026-09-07 22:56:48,2026-09-07 11:41:00,,Iowa,515,Other,Y
3213958702,2026-09-07 22:58:32,2026-09-07 21:02:00,Jackson,Michigan,517,"Reducing your debt (credit cards, mortgage, student loans)",Y
3143144320,2026-09-07 22:58:56,2026-09-07 15:41:00,Springfield,Missouri,417,Other,N
8157367135,2026-09-07 22:59:21,2026-08-28 21:06:00,,North Carolina,252,"Reducing your debt (credit cards, mortgage, student loans)",Y
5208008832,2026-09-07 22:59:46,2026-09-07 11:23:00,Springfield,Missouri,417,Other,N
8889410077,2026-09-07 22:59:56,2026-09-07 12:00:00,,Indiana,219,Vacation  & timeshares,Y
7743778899,2026-09-07 23:01:34,2026-09-03 21:04:00,,North Carolina,252,"Reducing your debt (credit cards, mortgage, student loans)",Y
,2026-09-07 23:01:43,2026-09-08 00:10:00,Gulfport,Florida,608,"Calls pretending to be government, businesses, or family and friends",N
,2026-09-07 23:02:44,2026-09-07 09:07:00,,California,831,"Reducing your debt (credit cards, mortgage, student loans)",Y
7792580929,2026-09-07 23:04:53,2026-09-07 00:00:00,,Illinois,708,Dropped call or no message,N
8778833748,2026-09-07 23:05:53,2026-09-03 16:17:00,Gilbert,Arizona,312,"Reducing your debt (credit cards, mortgage, student loans)",Y
7086781722,2026-09-07 23:06:32,2026-09-07 00:00:00,,Illinois,708,Other,N
4065206516,2026-09-07 23:06:55,2026-09-03 16:58:00,Gilbert,Arizona,312,"Reducing your debt (credit cards, mortgage, student loans)",Y
6463259113,2026-09-07 23:07:45,2026-09-05 19:00:00,Weed,California,530,"Calls pretending to be government, businesses, or family and friends",N
8722051867,2026-09-07 23:13:11,2026-09-04 12:39:00,Gilbert,Arizona,312,Other,Y
7727716554,2026-09-07 23:14:04,2026-09-04 00:00:00,Gilbert,Arizona,312,"Reducing your debt (credit cards, mortgage, student loans)",Y
,2026-09-07 23:15:16,2026-09-01 02:00:00,,Montana,406,Other,N
,2026-09-07 23:16:15,2026-09-03 00:00:00,,Idaho,208,Other,N
8778161584,2026-09-07 23:17:23,2026-08-27 16:04:00,,Maryland,410,"Calls pretending to be government, businesses, or family and friends",N
8339078789,2026-09-07 23:19:38,2026-08-28 15:02:00,,Maryland,410,"Calls pretending to be government, businesses, or family and friends",N
2394997160,2026-09-07 23:20:06,2026-09-03 17:24:00,,Florida,305,"Reducing your debt (credit cards, mortgage, student loans)",N
8448052165,2026-09-07 23:23:14,2026-09-02 11:39:00,,Maryland,410,"Calls pretending to be government, businesses, or family and friends",N
8558065209,2026-09-07 23:24:06,2026-09-07 09:46:00,Bakersfield,California,661,Other,Y
7788034969,2026-09-07 23:25:04,2026-09-07 10:17:00,Bakersfield,California,661,Other,Y
8445449765,2026-09-07 23:25:34,2026-09-05 14:48:00,,Maryland,410,"Calls pretending to be government, businesses, or family and friends",N
8558060365,2026-09-07 23:26:07,2026-09-07 13:03:00,Bakersfield,California,661,Other,Y
8446421623,2026-09-07 23:27:00,2026-09-07 13:45:00,Bakersfield,California,661,Other,Y
2356070188,2026-09-07 23:28:07,2026-09-08 22:22:00,,Missouri,235,Dropped call or no message,N
9035820743,2026-09-07 23:33:08,2026-09-07 07:25:00,SACRAMENTO,California,510,"Reducing your debt (credit cards, mortgage, student loans)",
6183426060,2026-09-07 23:33:12,2026-09-07 17:15:00,,Illinois,618,"Reducing your debt (credit cards, mortgage, student loans)",N
7729074843,2026-09-07 23:33:53,2026-09-07 11:09:00,SACRAMENTO,California,510,"Reducing your debt (credit cards, mortgage, student loans)",
5395299596,2026-09-07 23:34:07,2026-09-04 15:56:00,Fairbanks,Alaska,907,Dropped call or no message,Y
9034936709,2026-09-07 23:34:30,2026-09-07 13:39:00,SACRAMENTO,California,510,"Reducing your debt (credit cards, mortgage, student loans)",
2723569366,2026-09-07 23:35:04,2026-09-07 15:13:00,Fairbanks,Alaska,907,Dropped call or no message,Y
8159168532,2026-09-07 23:35:06,2026-09-07 16:00:00,SACRAMENTO,California,510,"Reducing your debt (credit cards, mortgage, student loans)",
,2026-09-07 23:35:53,2026-09-07 14:30:00,Wyandotye,Oklahoma,812,Other,Y
8157920365,2026-09-07 23:37:21,2026-09-07 18:04:00,SACRAMENTO,California,510,"Reducing your debt (credit cards, mortgage, student loans)",
9172452009,2026-09-07 23:37:48,2026-09-04 16:29:00,,New York,917,Dropped call or no message,Y
9375895531,2026-09-07 23:38:20,2026-09-07 09:35:00,"ENGLEWOOD, OH",Ohio,937,Other,N
9375885526,2026-09-07 23:39:17,2026-09-07 13:08:00,"ENGLEWOOD, OH",Ohio,937,Other,N
3322966859,2026-09-07 23:40:14,2026-09-07 13:31:00,"ENGLEWOOD, OH",Ohio,937,Other,N
9133005889,2026-09-07 23:41:00,2026-09-01 00:00:00,,Kansas,913,Medical  & prescriptions,Y
,2026-09-07 23:42:07,2026-09-07 09:49:00,"ENGLEWOOD, OH",Ohio,937,Dropped call or no message,N
7027790278,2026-09-07 23:42:56,2026-09-02 14:50:00,LAS VEGAS,Nevada,702,Other,
8883502324,2026-09-07 23:42:59,2026-09-07 17:40:00,,Nevada,702,"Reducing your debt (credit cards, mortgage, student loans)",Y
7025501666,2026-09-07 23:44:20,2026-09-02 15:48:00,LAS VEGAS,Nevada,702,Other,
7025507182,2026-09-07 23:45:22,2026-09-02 15:51:00,LAS VEGAS,Nevada,702,Other,
7027075603,2026-09-07 23:46:26,2026-09-02 16:41:00,LAS VEGAS,Nevada,702,Other,
5815726017,2026-09-07 23:47:08,2026-09-06 14:05:00,,Texas,972,Other,Y
7025387192,2026-09-07 23:47:37,2026-09-03 07:32:00,LAS VEGAS,Nevada,702,Other,
8337464595,2026-09-07 23:48:36,2026-09-07 19:04:00,Westmont,Illinois,630,Other,Y
8558011732,2026-09-07 23:49:49,2026-09-07 08:01:00,Omaha,Nebraska,402,"Calls pretending to be government, businesses, or family and friends",Y
3312359514,2026-09-07 23:50:00,2026-09-03 08:51:00,LAS VEGAS,Nevada,702,Other,
7027515733,2026-09-07 23:50:54,2026-09-03 09:02:00,LAS VEGAS,Nevada,702,Other,
7027028122,2026-09-07 23:53:30,2026-09-03 09:24:00,LAS VEGAS,Nevada,702,Other,
7022028991,2026-09-07 23:55:11,2026-09-03 09:33:00,LAS VEGAS,Nevada,702,Other,
7025274185,2026-09-07 23:56:24,2026-09-03 09:45:00,LAS VEGAS,Nevada,702,Other,
4149147135,2026-09-07 23:56:30,2026-09-07 21:44:00,,Montana,406,Other,N
2085653994,2026-09-07 23:56:52,2026-09-07 13:58:00,,California,510,Dropped call or no message,
7025274185,2026-09-07 23:58:09,2026-09-03 09:45:00,LAS VEGAS,Nevada,702,Other,
4149147135,2026-09-07 23:58:42,2026-09-07 21:57:00,,Montana,406,Other,Y
7024878428,2026-09-07 23:59:00,2026-09-03 10:05:00,LAS VEGAS,Nevada,702,Other,
7023339707,2026-09-07 23:59:55,2026-09-03 10:23:00,LAS VEGAS,Nevada,702,Other,
